Model,Incomplete,Step,Time,Prob0,Results0,Prob1,Results1,Prob2,Results2,Label
goal0_sas_plan.0,0.1,3,0.016088247299194336,"[0.05107729 0.00984072 0.01426257 0.00417849 0.01054086 0.00466394
 0.01290423 0.00512141]",goal0,"[0.05107729 0.00984072 0.01426257 0.00417849 0.01054086 0.00466394
 0.01290423 0.00512141]",goal0,"[0.07266144 0.03442766 0.         0.         0.         0.
 0.         0.        ]",goal0,goal0
goal0_sas_plan.1,0.1,3,0.015986204147338867,"[0.05107729 0.00984072 0.01426257 0.00417849 0.01054086 0.00466394
 0.01290423 0.00512141]",goal0,"[0.05107729 0.00984072 0.01426257 0.00417849 0.01054086 0.00466394
 0.01290423 0.00512141]",goal0,"[0.07266144 0.03442766 0.         0.         0.         0.
 0.         0.        ]",goal0,goal0
goal0_sas_plan.2,0.1,3,0.0,"[0.05107729 0.00984072 0.01426257 0.00417849 0.01054086 0.00466394
 0.01290423 0.00512141]",goal0,"[0.05107729 0.00984072 0.01426257 0.00417849 0.01054086 0.00466394
 0.01290423 0.00512141]",goal0,"[0.07266144 0.03442766 0.         0.         0.         0.
 0.         0.        ]",goal0,goal0
goal0_sas_plan.3,0.1,3,0.0320277214050293,"[0.05107729 0.00984072 0.01426257 0.00417849 0.01054086 0.00466394
 0.01290423 0.00512141]",goal0,"[0.05107729 0.00984072 0.01426257 0.00417849 0.01054086 0.00466394
 0.01290423 0.00512141]",goal0,"[0.07266144 0.03442766 0.         0.         0.         0.
 0.         0.        ]",goal0,goal0
goal0_sas_plan.4,0.1,3,0.023964643478393555,"[0.05107729 0.00984072 0.01426257 0.00417849 0.01054086 0.00466394
 0.01290423 0.00512141]",goal0,"[0.05107729 0.00984072 0.01426257 0.00417849 0.01054086 0.00466394
 0.01290423 0.00512141]",goal0,"[0.07266144 0.03442766 0.         0.         0.         0.
 0.         0.        ]",goal0,goal0
goal0_sas_plan.5,0.1,3,0.0,"[0.05107729 0.00984072 0.01426257 0.00417849 0.01054086 0.00466394
 0.01290423 0.00512141]",goal0,"[0.05107729 0.00984072 0.01426257 0.00417849 0.01054086 0.00466394
 0.01290423 0.00512141]",goal0,"[0.07266144 0.03442766 0.         0.         0.         0.
 0.         0.        ]",goal0,goal0
goal0_sas_plan.6,0.1,3,0.016031503677368164,"[0.05107729 0.00984072 0.01426257 0.00417849 0.01054086 0.00466394
 0.01290423 0.00512141]",goal0,"[0.05107729 0.00984072 0.01426257 0.00417849 0.01054086 0.00466394
 0.01290423 0.00512141]",goal0,"[0.07266144 0.03442766 0.         0.         0.         0.
 0.         0.        ]",goal0,goal0
goal0_sas_plan.7,0.1,3,0.007950544357299805,"[0.05107729 0.00984072 0.01426257 0.00417849 0.01054086 0.00466394
 0.01290423 0.00512141]",goal0,"[0.05107729 0.00984072 0.01426257 0.00417849 0.01054086 0.00466394
 0.01290423 0.00512141]",goal0,"[0.07266144 0.03442766 0.         0.         0.         0.
 0.         0.        ]",goal0,goal0
goal0_sas_plan.8,0.1,3,0.007994651794433594,"[0.05107729 0.00984072 0.01426257 0.00417849 0.01054086 0.00466394
 0.01290423 0.00512141]",goal0,"[0.05107729 0.00984072 0.01426257 0.00417849 0.01054086 0.00466394
 0.01290423 0.00512141]",goal0,"[0.07266144 0.03442766 0.         0.         0.         0.
 0.         0.        ]",goal0,goal0
goal0_sas_plan.9,0.1,3,0.015983104705810547,"[0.05107729 0.00984072 0.01426257 0.00417849 0.01054086 0.00466394
 0.01290423 0.00512141]",goal0,"[0.05107729 0.00984072 0.01426257 0.00417849 0.01054086 0.00466394
 0.01290423 0.00512141]",goal0,"[0.07266144 0.03442766 0.         0.         0.         0.
 0.         0.        ]",goal0,goal0
goal1_sas_plan.0,0.1,4,0.0079498291015625,"[0.02792855 0.01067533 0.01691394 0.00473208 0.01807299 0.00763649
 0.01530309 0.00553872]",goal1,"[0.02792855 0.01067533 0.01691394 0.00473208 0.01807299 0.00763649
 0.01530309 0.00553872]",goal0,"[0.         0.05806452 0.         0.         0.         0.
 0.         0.        ]",goal1,goal1
goal1_sas_plan.1,0.1,4,0.023936986923217773,"[0.02792855 0.01067533 0.01691394 0.00473208 0.01807299 0.00763649
 0.01530309 0.00553872]",goal1,"[0.02792855 0.01067533 0.01691394 0.00473208 0.01807299 0.00763649
 0.01530309 0.00553872]",goal0,"[0.         0.05806452 0.         0.         0.         0.
 0.         0.        ]",goal1,goal1
goal1_sas_plan.2,0.1,4,0.00795888900756836,"[0.02792855 0.01067533 0.01691394 0.00473208 0.01807299 0.00763649
 0.01530309 0.00553872]",goal1,"[0.02792855 0.01067533 0.01691394 0.00473208 0.01807299 0.00763649
 0.01530309 0.00553872]",goal0,"[0.         0.05806452 0.         0.         0.         0.
 0.         0.        ]",goal1,goal1
goal1_sas_plan.3,0.1,4,0.0239408016204834,"[0.02792855 0.01067533 0.01691394 0.00473208 0.01807299 0.00763649
 0.01530309 0.00553872]",goal1,"[0.02792855 0.01067533 0.01691394 0.00473208 0.01807299 0.00763649
 0.01530309 0.00553872]",goal0,"[0.         0.05806452 0.         0.         0.         0.
 0.         0.        ]",goal1,goal1
goal2_sas_plan.0,0.1,5,0.023985862731933594,"[0.01810886 0.007394   0.01575343 0.00756001 0.03185414 0.00646596
 0.01560956 0.00558376]",goal3,"[0.01810886 0.007394   0.01575343 0.00756001 0.03185414 0.00646596
 0.01560956 0.00558376]",goal4,"[0.         0.         0.01587202 0.02076344 0.04367682 0.0050739
 0.01203407 0.        ]",goal4,goal2
goal2_sas_plan.1,0.1,5,0.015987873077392578,"[0.01810886 0.007394   0.01575343 0.00756001 0.03185414 0.00646596
 0.01560956 0.00558376]",goal3,"[0.01810886 0.007394   0.01575343 0.00756001 0.03185414 0.00646596
 0.01560956 0.00558376]",goal4,"[0.         0.         0.01587202 0.02076344 0.04367682 0.0050739
 0.01203407 0.        ]",goal4,goal2
goal2_sas_plan.2,0.1,5,0.02398061752319336,"[0.01810886 0.007394   0.01575343 0.00756001 0.03185414 0.00646596
 0.01560956 0.00558376]",goal3,"[0.01810886 0.007394   0.01575343 0.00756001 0.03185414 0.00646596
 0.01560956 0.00558376]",goal4,"[0.         0.         0.01587202 0.02076344 0.04367682 0.0050739
 0.01203407 0.        ]",goal4,goal2
goal2_sas_plan.3,0.1,5,0.007997512817382812,"[0.01810886 0.007394   0.01575343 0.00756001 0.03185414 0.00646596
 0.01560956 0.00558376]",goal3,"[0.01810886 0.007394   0.01575343 0.00756001 0.03185414 0.00646596
 0.01560956 0.00558376]",goal4,"[0.         0.         0.01587202 0.02076344 0.04367682 0.0050739
 0.01203407 0.        ]",goal4,goal2
goal2_sas_plan.4,0.1,5,0.02398514747619629,"[0.01810886 0.007394   0.01575343 0.00756001 0.03185414 0.00646596
 0.01560956 0.00558376]",goal3,"[0.01810886 0.007394   0.01575343 0.00756001 0.03185414 0.00646596
 0.01560956 0.00558376]",goal4,"[0.         0.         0.01587202 0.02076344 0.04367682 0.0050739
 0.01203407 0.        ]",goal4,goal2
goal2_sas_plan.5,0.1,5,0.02402210235595703,"[0.01810886 0.007394   0.01575343 0.00756001 0.03185414 0.00646596
 0.01560956 0.00558376]",goal3,"[0.01810886 0.007394   0.01575343 0.00756001 0.03185414 0.00646596
 0.01560956 0.00558376]",goal4,"[0.         0.         0.01587202 0.02076344 0.04367682 0.0050739
 0.01203407 0.        ]",goal4,goal2
goal2_sas_plan.6,0.1,5,0.007956266403198242,"[0.01810886 0.007394   0.01575343 0.00756001 0.03185414 0.00646596
 0.01560956 0.00558376]",goal3,"[0.01810886 0.007394   0.01575343 0.00756001 0.03185414 0.00646596
 0.01560956 0.00558376]",goal4,"[0.         0.         0.01587202 0.02076344 0.04367682 0.0050739
 0.01203407 0.        ]",goal4,goal2
goal3_sas_plan.0,0.1,3,0.015981197357177734,"[0.01863822 0.00746737 0.014749   0.00671242 0.03016395 0.01311022
 0.014504   0.00511027]",goal3,"[0.01863822 0.00746737 0.014749   0.00671242 0.03016395 0.01311022
 0.014504   0.00511027]",goal4,"[0.         0.         0.02068299 0.01667874 0.05019488 0.01447809
 0.01011619 0.        ]",goal4,goal3
goal3_sas_plan.1,0.1,3,0.015991687774658203,"[0.01863822 0.00746737 0.014749   0.00671242 0.03016395 0.01311022
 0.014504   0.00511027]",goal3,"[0.01863822 0.00746737 0.014749   0.00671242 0.03016395 0.01311022
 0.014504   0.00511027]",goal4,"[0.         0.         0.02068299 0.01667874 0.05019488 0.01447809
 0.01011619 0.        ]",goal4,goal3
goal3_sas_plan.2,0.1,3,0.015985727310180664,"[0.01863822 0.00746737 0.014749   0.00671242 0.03016395 0.01311022
 0.014504   0.00511027]",goal3,"[0.01863822 0.00746737 0.014749   0.00671242 0.03016395 0.01311022
 0.014504   0.00511027]",goal4,"[0.         0.         0.02068299 0.01667874 0.05019488 0.01447809
 0.01011619 0.        ]",goal4,goal3
goal4_sas_plan.0,0.1,5,0.015988588333129883,"[0.01810886 0.007394   0.01575343 0.00756001 0.03185414 0.00646596
 0.01560956 0.00558376]",goal3,"[0.01810886 0.007394   0.01575343 0.00756001 0.03185414 0.00646596
 0.01560956 0.00558376]",goal4,"[0.         0.         0.01587202 0.02076344 0.04367682 0.0050739
 0.01203407 0.        ]",goal4,goal4
goal4_sas_plan.1,0.1,5,0.016028642654418945,"[0.01810886 0.007394   0.01575343 0.00756001 0.03185414 0.00646596
 0.01560956 0.00558376]",goal3,"[0.01810886 0.007394   0.01575343 0.00756001 0.03185414 0.00646596
 0.01560956 0.00558376]",goal4,"[0.         0.         0.01587202 0.02076344 0.04367682 0.0050739
 0.01203407 0.        ]",goal4,goal4
goal4_sas_plan.10,0.1,5,0.015986919403076172,"[0.01810886 0.007394   0.01575343 0.00756001 0.03185414 0.00646596
 0.01560956 0.00558376]",goal3,"[0.01810886 0.007394   0.01575343 0.00756001 0.03185414 0.00646596
 0.01560956 0.00558376]",goal4,"[0.         0.         0.01587202 0.02076344 0.04367682 0.0050739
 0.01203407 0.        ]",goal4,goal4
goal4_sas_plan.11,0.1,5,0.03198409080505371,"[0.01810886 0.007394   0.01575343 0.00756001 0.03185414 0.00646596
 0.01560956 0.00558376]",goal3,"[0.01810886 0.007394   0.01575343 0.00756001 0.03185414 0.00646596
 0.01560956 0.00558376]",goal4,"[0.         0.         0.01587202 0.02076344 0.04367682 0.0050739
 0.01203407 0.        ]",goal4,goal4
goal4_sas_plan.12,0.1,5,0.015984058380126953,"[0.01810886 0.007394   0.01575343 0.00756001 0.03185414 0.00646596
 0.01560956 0.00558376]",goal3,"[0.01810886 0.007394   0.01575343 0.00756001 0.03185414 0.00646596
 0.01560956 0.00558376]",goal4,"[0.         0.         0.01587202 0.02076344 0.04367682 0.0050739
 0.01203407 0.        ]",goal4,goal4
goal4_sas_plan.13,0.1,5,0.03205418586730957,"[0.01810886 0.007394   0.01575343 0.00756001 0.03185414 0.00646596
 0.01560956 0.00558376]",goal3,"[0.01810886 0.007394   0.01575343 0.00756001 0.03185414 0.00646596
 0.01560956 0.00558376]",goal4,"[0.         0.         0.01587202 0.02076344 0.04367682 0.0050739
 0.01203407 0.        ]",goal4,goal4
goal4_sas_plan.14,0.1,5,0.007993221282958984,"[0.01810886 0.007394   0.01575343 0.00756001 0.03185414 0.00646596
 0.01560956 0.00558376]",goal3,"[0.01810886 0.007394   0.01575343 0.00756001 0.03185414 0.00646596
 0.01560956 0.00558376]",goal4,"[0.         0.         0.01587202 0.02076344 0.04367682 0.0050739
 0.01203407 0.        ]",goal4,goal4
goal4_sas_plan.15,0.1,5,0.007996320724487305,"[0.01810886 0.007394   0.01575343 0.00756001 0.03185414 0.00646596
 0.01560956 0.00558376]",goal3,"[0.01810886 0.007394   0.01575343 0.00756001 0.03185414 0.00646596
 0.01560956 0.00558376]",goal4,"[0.         0.         0.01587202 0.02076344 0.04367682 0.0050739
 0.01203407 0.        ]",goal4,goal4
goal4_sas_plan.16,0.1,5,0.031897783279418945,"[0.01810886 0.007394   0.01575343 0.00756001 0.03185414 0.00646596
 0.01560956 0.00558376]",goal3,"[0.01810886 0.007394   0.01575343 0.00756001 0.03185414 0.00646596
 0.01560956 0.00558376]",goal4,"[0.         0.         0.01587202 0.02076344 0.04367682 0.0050739
 0.01203407 0.        ]",goal4,goal4
goal4_sas_plan.2,0.1,5,0.0239870548248291,"[0.01810886 0.007394   0.01575343 0.00756001 0.03185414 0.00646596
 0.01560956 0.00558376]",goal3,"[0.01810886 0.007394   0.01575343 0.00756001 0.03185414 0.00646596
 0.01560956 0.00558376]",goal4,"[0.         0.         0.01587202 0.02076344 0.04367682 0.0050739
 0.01203407 0.        ]",goal4,goal4
goal4_sas_plan.3,0.1,5,0.00799417495727539,"[0.01810886 0.007394   0.01575343 0.00756001 0.03185414 0.00646596
 0.01560956 0.00558376]",goal3,"[0.01810886 0.007394   0.01575343 0.00756001 0.03185414 0.00646596
 0.01560956 0.00558376]",goal4,"[0.         0.         0.01587202 0.02076344 0.04367682 0.0050739
 0.01203407 0.        ]",goal4,goal4
goal4_sas_plan.4,0.1,6,0.015989065170288086,"[0.01948457 0.00753104 0.01757242 0.00494923 0.03672121 0.00869147
 0.01703402 0.00583168]",goal7,"[0.01948457 0.00753104 0.01757242 0.00494923 0.03672121 0.00869147
 0.01703402 0.00583168]",goal4,"[0.         0.         0.         0.00733323 0.12223489 0.01655752
 0.031881   0.        ]",goal4,goal4
goal4_sas_plan.5,0.1,5,0.007991552352905273,"[0.01810886 0.007394   0.01575343 0.00756001 0.03185414 0.00646596
 0.01560956 0.00558376]",goal3,"[0.01810886 0.007394   0.01575343 0.00756001 0.03185414 0.00646596
 0.01560956 0.00558376]",goal4,"[0.         0.         0.01587202 0.02076344 0.04367682 0.0050739
 0.01203407 0.        ]",goal4,goal4
goal4_sas_plan.6,0.1,5,0.04006218910217285,"[0.01810886 0.007394   0.01575343 0.00756001 0.03185414 0.00646596
 0.01560956 0.00558376]",goal3,"[0.01810886 0.007394   0.01575343 0.00756001 0.03185414 0.00646596
 0.01560956 0.00558376]",goal4,"[0.         0.         0.01587202 0.02076344 0.04367682 0.0050739
 0.01203407 0.        ]",goal4,goal4
goal4_sas_plan.7,0.1,5,0.02398848533630371,"[0.01810886 0.007394   0.01575343 0.00756001 0.03185414 0.00646596
 0.01560956 0.00558376]",goal3,"[0.01810886 0.007394   0.01575343 0.00756001 0.03185414 0.00646596
 0.01560956 0.00558376]",goal4,"[0.         0.         0.01587202 0.02076344 0.04367682 0.0050739
 0.01203407 0.        ]",goal4,goal4
goal4_sas_plan.8,0.1,5,0.007954597473144531,"[0.01810886 0.007394   0.01575343 0.00756001 0.03185414 0.00646596
 0.01560956 0.00558376]",goal3,"[0.01810886 0.007394   0.01575343 0.00756001 0.03185414 0.00646596
 0.01560956 0.00558376]",goal4,"[0.         0.         0.01587202 0.02076344 0.04367682 0.0050739
 0.01203407 0.        ]",goal4,goal4
goal4_sas_plan.9,0.1,5,0.01602625846862793,"[0.01810886 0.007394   0.01575343 0.00756001 0.03185414 0.00646596
 0.01560956 0.00558376]",goal3,"[0.01810886 0.007394   0.01575343 0.00756001 0.03185414 0.00646596
 0.01560956 0.00558376]",goal4,"[0.         0.         0.01587202 0.02076344 0.04367682 0.0050739
 0.01203407 0.        ]",goal4,goal4
goal5_sas_plan.0,0.1,5,0.015989303588867188,"[0.02020058 0.00768259 0.01683997 0.00469716 0.03338069 0.01362931
 0.01523616 0.00548125]",goal7,"[0.02020058 0.00768259 0.01683997 0.00469716 0.03338069 0.01362931
 0.01523616 0.00548125]",goal4,"[0.         0.         0.         0.         0.04577652 0.10287199
 0.         0.        ]",goal5,goal5
goal5_sas_plan.1,0.1,5,0.04789280891418457,"[0.02020058 0.00768259 0.01683997 0.00469716 0.03338069 0.01362931
 0.01523616 0.00548125]",goal7,"[0.02020058 0.00768259 0.01683997 0.00469716 0.03338069 0.01362931
 0.01523616 0.00548125]",goal4,"[0.         0.         0.         0.         0.04577652 0.10287199
 0.         0.        ]",goal5,goal5
goal5_sas_plan.2,0.1,5,0.007958173751831055,"[0.02020058 0.00768259 0.01683997 0.00469716 0.03338069 0.01362931
 0.01523616 0.00548125]",goal7,"[0.02020058 0.00768259 0.01683997 0.00469716 0.03338069 0.01362931
 0.01523616 0.00548125]",goal4,"[0.         0.         0.         0.         0.04577652 0.10287199
 0.         0.        ]",goal5,goal5
goal5_sas_plan.3,0.1,5,0.023942232131958008,"[0.02020058 0.00768259 0.01683997 0.00469716 0.03338069 0.01362931
 0.01523616 0.00548125]",goal7,"[0.02020058 0.00768259 0.01683997 0.00469716 0.03338069 0.01362931
 0.01523616 0.00548125]",goal4,"[0.         0.         0.         0.         0.04577652 0.10287199
 0.         0.        ]",goal5,goal5
goal5_sas_plan.4,0.1,5,0.01603102684020996,"[0.02020058 0.00768259 0.01683997 0.00469716 0.03338069 0.01362931
 0.01523616 0.00548125]",goal7,"[0.02020058 0.00768259 0.01683997 0.00469716 0.03338069 0.01362931
 0.01523616 0.00548125]",goal4,"[0.         0.         0.         0.         0.04577652 0.10287199
 0.         0.        ]",goal5,goal5
goal5_sas_plan.5,0.1,5,0.015996694564819336,"[0.02020058 0.00768259 0.01683997 0.00469716 0.03338069 0.01362931
 0.01523616 0.00548125]",goal7,"[0.02020058 0.00768259 0.01683997 0.00469716 0.03338069 0.01362931
 0.01523616 0.00548125]",goal4,"[0.         0.         0.         0.         0.04577652 0.10287199
 0.         0.        ]",goal5,goal5
goal5_sas_plan.6,0.1,5,0.007992267608642578,"[0.02020058 0.00768259 0.01683997 0.00469716 0.03338069 0.01362931
 0.01523616 0.00548125]",goal7,"[0.02020058 0.00768259 0.01683997 0.00469716 0.03338069 0.01362931
 0.01523616 0.00548125]",goal4,"[0.         0.         0.         0.         0.04577652 0.10287199
 0.         0.        ]",goal5,goal5
goal6_sas_plan.0,0.1,5,0.015995264053344727,"[0.01810886 0.007394   0.01575343 0.00756001 0.03185414 0.00646596
 0.01560956 0.00558376]",goal3,"[0.01810886 0.007394   0.01575343 0.00756001 0.03185414 0.00646596
 0.01560956 0.00558376]",goal4,"[0.         0.         0.01587202 0.02076344 0.04367682 0.0050739
 0.01203407 0.        ]",goal4,goal6
goal6_sas_plan.1,0.1,4,0.00799107551574707,"[0.0062409  0.00334717 0.00639435 0.00219211 0.00110066 0.00056987
 0.08608238 0.00314397]",goal6,"[0.0062409  0.00334717 0.00639435 0.00219211 0.00110066 0.00056987
 0.08608238 0.00314397]",goal6,"[0.         0.         0.         0.         0.         0.
 0.12258065 0.        ]",goal6,goal6
goal6_sas_plan.2,0.1,4,0.007994890213012695,"[0.0062409  0.00334717 0.00639435 0.00219211 0.00110066 0.00056987
 0.08608238 0.00314397]",goal6,"[0.0062409  0.00334717 0.00639435 0.00219211 0.00110066 0.00056987
 0.08608238 0.00314397]",goal6,"[0.         0.         0.         0.         0.         0.
 0.12258065 0.        ]",goal6,goal6
goal6_sas_plan.3,0.1,4,0.02393817901611328,"[0.0062409  0.00334717 0.00639435 0.00219211 0.00110066 0.00056987
 0.08608238 0.00314397]",goal6,"[0.0062409  0.00334717 0.00639435 0.00219211 0.00110066 0.00056987
 0.08608238 0.00314397]",goal6,"[0.         0.         0.         0.         0.         0.
 0.12258065 0.        ]",goal6,goal6
goal6_sas_plan.4,0.1,4,0.03193306922912598,"[0.0062409  0.00334717 0.00639435 0.00219211 0.00110066 0.00056987
 0.08608238 0.00314397]",goal6,"[0.0062409  0.00334717 0.00639435 0.00219211 0.00110066 0.00056987
 0.08608238 0.00314397]",goal6,"[0.         0.         0.         0.         0.         0.
 0.12258065 0.        ]",goal6,goal6
goal6_sas_plan.5,0.1,4,0.007959842681884766,"[0.0062409  0.00334717 0.00639435 0.00219211 0.00110066 0.00056987
 0.08608238 0.00314397]",goal6,"[0.0062409  0.00334717 0.00639435 0.00219211 0.00110066 0.00056987
 0.08608238 0.00314397]",goal6,"[0.         0.         0.         0.         0.         0.
 0.12258065 0.        ]",goal6,goal6
goal6_sas_plan.6,0.1,4,0.01599407196044922,"[0.0062409  0.00334717 0.00639435 0.00219211 0.00110066 0.00056987
 0.08608238 0.00314397]",goal6,"[0.0062409  0.00334717 0.00639435 0.00219211 0.00110066 0.00056987
 0.08608238 0.00314397]",goal6,"[0.         0.         0.         0.         0.         0.
 0.12258065 0.        ]",goal6,goal6
goal6_sas_plan.7,0.1,4,0.0,"[0.0062409  0.00334717 0.00639435 0.00219211 0.00110066 0.00056987
 0.08608238 0.00314397]",goal6,"[0.0062409  0.00334717 0.00639435 0.00219211 0.00110066 0.00056987
 0.08608238 0.00314397]",goal6,"[0.         0.         0.         0.         0.         0.
 0.12258065 0.        ]",goal6,goal6
goal7_sas_plan.0,0.1,4,0.01602029800415039,"[0.02304837 0.00890849 0.01690157 0.00476029 0.01965291 0.00835967
 0.01638372 0.00689831]",goal7,"[0.02304837 0.00890849 0.01690157 0.00476029 0.01965291 0.00835967
 0.01638372 0.00689831]",goal0,"[0.         0.         0.         0.         0.         0.
 0.         0.03655914]",goal7,goal7
goal7_sas_plan.1,0.1,4,0.04001593589782715,"[0.02304837 0.00890849 0.01690157 0.00476029 0.01965291 0.00835967
 0.01638372 0.00689831]",goal7,"[0.02304837 0.00890849 0.01690157 0.00476029 0.01965291 0.00835967
 0.01638372 0.00689831]",goal0,"[0.         0.         0.         0.         0.         0.
 0.         0.03655914]",goal7,goal7
goal0_sas_plan.0,0.3,8,0.027960777282714844,"[0.06937456 0.01651086 0.00859625 0.00263341 0.00444512 0.00205659
 0.00777756 0.00337502]",goal0,"[0.06937456 0.01651086 0.00859625 0.00263341 0.00444512 0.00205659
 0.00777756 0.00337502]",goal0,"[0.1481949  0.00985654 0.         0.         0.         0.
 0.         0.        ]",goal0,goal0
goal0_sas_plan.1,0.3,8,0.026960372924804688,"[0.06937456 0.01651086 0.00859625 0.00263341 0.00444512 0.00205659
 0.00777756 0.00337502]",goal0,"[0.06937456 0.01651086 0.00859625 0.00263341 0.00444512 0.00205659
 0.00777756 0.00337502]",goal0,"[0.1481949  0.00985654 0.         0.         0.         0.
 0.         0.        ]",goal0,goal0
goal0_sas_plan.2,0.3,8,0.025923967361450195,"[0.06937456 0.01651086 0.00859625 0.00263341 0.00444512 0.00205659
 0.00777756 0.00337502]",goal0,"[0.06937456 0.01651086 0.00859625 0.00263341 0.00444512 0.00205659
 0.00777756 0.00337502]",goal0,"[0.1481949  0.00985654 0.         0.         0.         0.
 0.         0.        ]",goal0,goal0
goal0_sas_plan.3,0.3,8,0.018963098526000977,"[0.06937456 0.01651086 0.00859625 0.00263341 0.00444512 0.00205659
 0.00777756 0.00337502]",goal0,"[0.06937456 0.01651086 0.00859625 0.00263341 0.00444512 0.00205659
 0.00777756 0.00337502]",goal0,"[0.1481949  0.00985654 0.         0.         0.         0.
 0.         0.        ]",goal0,goal0
goal0_sas_plan.4,0.3,8,0.025959253311157227,"[0.06937456 0.01651086 0.00859625 0.00263341 0.00444512 0.00205659
 0.00777756 0.00337502]",goal0,"[0.06937456 0.01651086 0.00859625 0.00263341 0.00444512 0.00205659
 0.00777756 0.00337502]",goal0,"[0.1481949  0.00985654 0.         0.         0.         0.
 0.         0.        ]",goal0,goal0
goal0_sas_plan.5,0.3,8,0.027961254119873047,"[0.06937456 0.01651086 0.00859625 0.00263341 0.00444512 0.00205659
 0.00777756 0.00337502]",goal0,"[0.06937456 0.01651086 0.00859625 0.00263341 0.00444512 0.00205659
 0.00777756 0.00337502]",goal0,"[0.1481949  0.00985654 0.         0.         0.         0.
 0.         0.        ]",goal0,goal0
goal0_sas_plan.6,0.3,8,0.026958227157592773,"[0.06937456 0.01651086 0.00859625 0.00263341 0.00444512 0.00205659
 0.00777756 0.00337502]",goal0,"[0.06937456 0.01651086 0.00859625 0.00263341 0.00444512 0.00205659
 0.00777756 0.00337502]",goal0,"[0.1481949  0.00985654 0.         0.         0.         0.
 0.         0.        ]",goal0,goal0
goal0_sas_plan.7,0.3,8,0.0269625186920166,"[0.06937456 0.01651086 0.00859625 0.00263341 0.00444512 0.00205659
 0.00777756 0.00337502]",goal0,"[0.06937456 0.01651086 0.00859625 0.00263341 0.00444512 0.00205659
 0.00777756 0.00337502]",goal0,"[0.1481949  0.00985654 0.         0.         0.         0.
 0.         0.        ]",goal0,goal0
goal0_sas_plan.8,0.3,8,0.017967939376831055,"[0.06937456 0.01651086 0.00859625 0.00263341 0.00444512 0.00205659
 0.00777756 0.00337502]",goal0,"[0.06937456 0.01651086 0.00859625 0.00263341 0.00444512 0.00205659
 0.00777756 0.00337502]",goal0,"[0.1481949  0.00985654 0.         0.         0.         0.
 0.         0.        ]",goal0,goal0
goal0_sas_plan.9,0.3,8,0.019964933395385742,"[0.06937456 0.01651086 0.00859625 0.00263341 0.00444512 0.00205659
 0.00777756 0.00337502]",goal0,"[0.06937456 0.01651086 0.00859625 0.00263341 0.00444512 0.00205659
 0.00777756 0.00337502]",goal0,"[0.1481949  0.00985654 0.         0.         0.         0.
 0.         0.        ]",goal0,goal0
goal1_sas_plan.0,0.3,11,0.04494500160217285,"[0.03563084 0.01551602 0.01447624 0.00416602 0.01135492 0.0053641
 0.01205033 0.00461473]",goal1,"[0.03563084 0.01551602 0.01447624 0.00416602 0.01135492 0.0053641
 0.01205033 0.00461473]",goal0,"[0.         0.05806452 0.         0.         0.         0.
 0.         0.        ]",goal1,goal1
goal1_sas_plan.1,0.3,11,0.021956920623779297,"[0.03563084 0.01551602 0.01447624 0.00416602 0.01135492 0.0053641
 0.01205033 0.00461473]",goal1,"[0.03563084 0.01551602 0.01447624 0.00416602 0.01135492 0.0053641
 0.01205033 0.00461473]",goal0,"[0.         0.05806452 0.         0.         0.         0.
 0.         0.        ]",goal1,goal1
goal1_sas_plan.2,0.3,11,0.03190493583679199,"[0.03563084 0.01551602 0.01447624 0.00416602 0.01135492 0.0053641
 0.01205033 0.00461473]",goal1,"[0.03563084 0.01551602 0.01447624 0.00416602 0.01135492 0.0053641
 0.01205033 0.00461473]",goal0,"[0.         0.05806452 0.         0.         0.         0.
 0.         0.        ]",goal1,goal1
goal1_sas_plan.3,0.3,11,0.038939476013183594,"[0.03563084 0.01551602 0.01447624 0.00416602 0.01135492 0.0053641
 0.01205033 0.00461473]",goal1,"[0.03563084 0.01551602 0.01447624 0.00416602 0.01135492 0.0053641
 0.01205033 0.00461473]",goal0,"[0.         0.05806452 0.         0.         0.         0.
 0.         0.        ]",goal1,goal1
goal2_sas_plan.0,0.3,13,0.025938749313354492,"[0.01477025 0.00591767 0.02276534 0.00655149 0.01785676 0.00714058
 0.01743518 0.00725713]",goal7,"[0.01477025 0.00591767 0.02276534 0.00655149 0.01785676 0.00714058
 0.01743518 0.00725713]",goal2,"[0.         0.         0.13548387 0.         0.         0.
 0.         0.        ]",goal2,goal2
goal2_sas_plan.1,0.3,13,0.039899587631225586,"[0.01477025 0.00591767 0.02276534 0.00655149 0.01785676 0.00714058
 0.01743518 0.00725713]",goal7,"[0.01477025 0.00591767 0.02276534 0.00655149 0.01785676 0.00714058
 0.01743518 0.00725713]",goal2,"[0.         0.         0.13548387 0.         0.         0.
 0.         0.        ]",goal2,goal2
goal2_sas_plan.2,0.3,13,0.0389406681060791,"[0.01477025 0.00591767 0.02276534 0.00655149 0.01785676 0.00714058
 0.01743518 0.00725713]",goal7,"[0.01477025 0.00591767 0.02276534 0.00655149 0.01785676 0.00714058
 0.01743518 0.00725713]",goal2,"[0.         0.         0.13548387 0.         0.         0.
 0.         0.        ]",goal2,goal2
goal2_sas_plan.3,0.3,13,0.025950193405151367,"[0.01477025 0.00591767 0.02276534 0.00655149 0.01785676 0.00714058
 0.01743518 0.00725713]",goal7,"[0.01477025 0.00591767 0.02276534 0.00655149 0.01785676 0.00714058
 0.01743518 0.00725713]",goal2,"[0.         0.         0.13548387 0.         0.         0.
 0.         0.        ]",goal2,goal2
goal2_sas_plan.4,0.3,13,0.04794001579284668,"[0.01477025 0.00591767 0.02276534 0.00655149 0.01785676 0.00714058
 0.01743518 0.00725713]",goal7,"[0.01477025 0.00591767 0.02276534 0.00655149 0.01785676 0.00714058
 0.01743518 0.00725713]",goal2,"[0.         0.         0.13548387 0.         0.         0.
 0.         0.        ]",goal2,goal2
goal2_sas_plan.5,0.3,13,0.03194689750671387,"[0.01477025 0.00591767 0.02276534 0.00655149 0.01785676 0.00714058
 0.01743518 0.00725713]",goal7,"[0.01477025 0.00591767 0.02276534 0.00655149 0.01785676 0.00714058
 0.01743518 0.00725713]",goal2,"[0.         0.         0.13548387 0.         0.         0.
 0.         0.        ]",goal2,goal2
goal2_sas_plan.6,0.3,13,0.040947914123535156,"[0.01477025 0.00591767 0.02276534 0.00655149 0.01785676 0.00714058
 0.01743518 0.00725713]",goal7,"[0.01477025 0.00591767 0.02276534 0.00655149 0.01785676 0.00714058
 0.01743518 0.00725713]",goal2,"[0.         0.         0.13548387 0.         0.         0.
 0.         0.        ]",goal2,goal2
goal3_sas_plan.0,0.3,9,0.018953561782836914,"[0.01548407 0.00664978 0.01937732 0.01071164 0.00947852 0.00479968
 0.01403843 0.00584328]",goal3,"[0.01548407 0.00664978 0.01937732 0.01071164 0.00947852 0.00479968
 0.01403843 0.00584328]",goal2,"[0.        0.        0.        0.0344086 0.        0.        0.
 0.       ]",goal3,goal3
goal3_sas_plan.1,0.3,9,0.02000570297241211,"[0.01548407 0.00664978 0.01937732 0.01071164 0.00947852 0.00479968
 0.01403843 0.00584328]",goal3,"[0.01548407 0.00664978 0.01937732 0.01071164 0.00947852 0.00479968
 0.01403843 0.00584328]",goal2,"[0.        0.        0.        0.0344086 0.        0.        0.
 0.       ]",goal3,goal3
goal3_sas_plan.2,0.3,9,0.04494214057922363,"[0.01548407 0.00664978 0.01937732 0.01071164 0.00947852 0.00479968
 0.01403843 0.00584328]",goal3,"[0.01548407 0.00664978 0.01937732 0.01071164 0.00947852 0.00479968
 0.01403843 0.00584328]",goal2,"[0.        0.        0.        0.0344086 0.        0.        0.
 0.       ]",goal3,goal3
goal4_sas_plan.0,0.3,15,0.026988506317138672,"[0.01522663 0.00596093 0.01612986 0.00571708 0.0417732  0.00885878
 0.01962657 0.00585354]",goal3,"[0.01522663 0.00596093 0.01612986 0.00571708 0.0417732  0.00885878
 0.01962657 0.00585354]",goal4,"[0.         0.         0.         0.         0.31397849 0.
 0.         0.        ]",goal4,goal4
goal4_sas_plan.1,0.3,15,0.04293107986450195,"[0.01522663 0.00596093 0.01612986 0.00571708 0.0417732  0.00885878
 0.01962657 0.00585354]",goal3,"[0.01522663 0.00596093 0.01612986 0.00571708 0.0417732  0.00885878
 0.01962657 0.00585354]",goal4,"[0.         0.         0.         0.         0.31397849 0.
 0.         0.        ]",goal4,goal4
goal4_sas_plan.10,0.3,14,0.03295302391052246,"[0.0191598  0.006912   0.0150532  0.00486674 0.04757972 0.00915682
 0.01922735 0.00499564]",goal6,"[0.0191598  0.006912   0.0150532  0.00486674 0.04757972 0.00915682
 0.01922735 0.00499564]",goal4,"[0.         0.         0.         0.         0.31397849 0.
 0.         0.        ]",goal4,goal4
goal4_sas_plan.11,0.3,14,0.031943321228027344,"[0.0191598  0.006912   0.0150532  0.00486674 0.04757972 0.00915682
 0.01922735 0.00499564]",goal6,"[0.0191598  0.006912   0.0150532  0.00486674 0.04757972 0.00915682
 0.01922735 0.00499564]",goal4,"[0.         0.         0.         0.         0.31397849 0.
 0.         0.        ]",goal4,goal4
goal4_sas_plan.12,0.3,14,0.04888153076171875,"[0.0191598  0.006912   0.0150532  0.00486674 0.04757972 0.00915682
 0.01922735 0.00499564]",goal6,"[0.0191598  0.006912   0.0150532  0.00486674 0.04757972 0.00915682
 0.01922735 0.00499564]",goal4,"[0.         0.         0.         0.         0.31397849 0.
 0.         0.        ]",goal4,goal4
goal4_sas_plan.13,0.3,14,0.04897952079772949,"[0.0191598  0.006912   0.0150532  0.00486674 0.04757972 0.00915682
 0.01922735 0.00499564]",goal6,"[0.0191598  0.006912   0.0150532  0.00486674 0.04757972 0.00915682
 0.01922735 0.00499564]",goal4,"[0.         0.         0.         0.         0.31397849 0.
 0.         0.        ]",goal4,goal4
goal4_sas_plan.14,0.3,14,0.04197406768798828,"[0.0191598  0.006912   0.0150532  0.00486674 0.04757972 0.00915682
 0.01922735 0.00499564]",goal6,"[0.0191598  0.006912   0.0150532  0.00486674 0.04757972 0.00915682
 0.01922735 0.00499564]",goal4,"[0.         0.         0.         0.         0.31397849 0.
 0.         0.        ]",goal4,goal4
goal4_sas_plan.15,0.3,14,0.04093432426452637,"[0.0191598  0.006912   0.0150532  0.00486674 0.04757972 0.00915682
 0.01922735 0.00499564]",goal6,"[0.0191598  0.006912   0.0150532  0.00486674 0.04757972 0.00915682
 0.01922735 0.00499564]",goal4,"[0.         0.         0.         0.         0.31397849 0.
 0.         0.        ]",goal4,goal4
goal4_sas_plan.16,0.3,14,0.024904727935791016,"[0.0191598  0.006912   0.0150532  0.00486674 0.04757972 0.00915682
 0.01922735 0.00499564]",goal6,"[0.0191598  0.006912   0.0150532  0.00486674 0.04757972 0.00915682
 0.01922735 0.00499564]",goal4,"[0.         0.         0.         0.         0.31397849 0.
 0.         0.        ]",goal4,goal4
goal4_sas_plan.2,0.3,15,0.04993176460266113,"[0.01522663 0.00596093 0.01612986 0.00571708 0.0417732  0.00885878
 0.01962657 0.00585354]",goal3,"[0.01522663 0.00596093 0.01612986 0.00571708 0.0417732  0.00885878
 0.01962657 0.00585354]",goal4,"[0.         0.         0.         0.         0.31397849 0.
 0.         0.        ]",goal4,goal4
goal4_sas_plan.3,0.3,15,0.03390908241271973,"[0.01522663 0.00596093 0.01612986 0.00571708 0.0417732  0.00885878
 0.01962657 0.00585354]",goal3,"[0.01522663 0.00596093 0.01612986 0.00571708 0.0417732  0.00885878
 0.01962657 0.00585354]",goal4,"[0.         0.         0.         0.         0.31397849 0.
 0.         0.        ]",goal4,goal4
goal4_sas_plan.4,0.3,18,0.05347108840942383,"[0.02020768 0.00680421 0.01481847 0.00479084 0.03679314 0.01108594
 0.02172683 0.00491774]",goal6,"[0.02020768 0.00680421 0.01481847 0.00479084 0.03679314 0.01108594
 0.02172683 0.00491774]",goal4,"[0.         0.         0.         0.         0.31397849 0.
 0.         0.        ]",goal4,goal4
goal4_sas_plan.5,0.3,15,0.14266705513000488,"[0.01697564 0.00669314 0.01446103 0.00480733 0.04558691 0.00841991
 0.02241731 0.00530806]",goal6,"[0.01697564 0.00669314 0.01446103 0.00480733 0.04558691 0.00841991
 0.02241731 0.00530806]",goal4,"[0.         0.         0.         0.         0.13707833 0.
 0.06906376 0.        ]",goal4,goal4
goal4_sas_plan.6,0.3,15,0.043854713439941406,"[0.01697564 0.00669314 0.01446103 0.00480733 0.04558691 0.00841991
 0.02241731 0.00530806]",goal6,"[0.01697564 0.00669314 0.01446103 0.00480733 0.04558691 0.00841991
 0.02241731 0.00530806]",goal4,"[0.         0.         0.         0.         0.13707833 0.
 0.06906376 0.        ]",goal4,goal4
goal4_sas_plan.7,0.3,15,0.0339512825012207,"[0.01697564 0.00669314 0.01446103 0.00480733 0.04558691 0.00841991
 0.02241731 0.00530806]",goal6,"[0.01697564 0.00669314 0.01446103 0.00480733 0.04558691 0.00841991
 0.02241731 0.00530806]",goal4,"[0.         0.         0.         0.         0.13707833 0.
 0.06906376 0.        ]",goal4,goal4
goal4_sas_plan.8,0.3,15,0.05199694633483887,"[0.01697564 0.00669314 0.01446103 0.00480733 0.04558691 0.00841991
 0.02241731 0.00530806]",goal6,"[0.01697564 0.00669314 0.01446103 0.00480733 0.04558691 0.00841991
 0.02241731 0.00530806]",goal4,"[0.         0.         0.         0.         0.13707833 0.
 0.06906376 0.        ]",goal4,goal4
goal4_sas_plan.9,0.3,15,0.033940792083740234,"[0.01697564 0.00669314 0.01446103 0.00480733 0.04558691 0.00841991
 0.02241731 0.00530806]",goal6,"[0.01697564 0.00669314 0.01446103 0.00480733 0.04558691 0.00841991
 0.02241731 0.00530806]",goal4,"[0.         0.         0.         0.         0.13707833 0.
 0.06906376 0.        ]",goal4,goal4
goal5_sas_plan.0,0.3,14,0.026907682418823242,"[0.01847813 0.0071011  0.01550064 0.00531395 0.02252641 0.01739932
 0.0183103  0.00510877]",goal3,"[0.01847813 0.0071011  0.01550064 0.00531395 0.02252641 0.01739932
 0.0183103  0.00510877]",goal4,"[0.         0.         0.         0.         0.         0.12043011
 0.         0.        ]",goal5,goal5
goal5_sas_plan.1,0.3,14,0.045302629470825195,"[0.01847813 0.0071011  0.01550064 0.00531395 0.02252641 0.01739932
 0.0183103  0.00510877]",goal3,"[0.01847813 0.0071011  0.01550064 0.00531395 0.02252641 0.01739932
 0.0183103  0.00510877]",goal4,"[0.         0.         0.         0.         0.         0.12043011
 0.         0.        ]",goal5,goal5
goal5_sas_plan.2,0.3,14,0.05090928077697754,"[0.01847813 0.0071011  0.01550064 0.00531395 0.02252641 0.01739932
 0.0183103  0.00510877]",goal3,"[0.01847813 0.0071011  0.01550064 0.00531395 0.02252641 0.01739932
 0.0183103  0.00510877]",goal4,"[0.         0.         0.         0.         0.         0.12043011
 0.         0.        ]",goal5,goal5
goal5_sas_plan.3,0.3,14,0.03435039520263672,"[0.01847813 0.0071011  0.01550064 0.00531395 0.02252641 0.01739932
 0.0183103  0.00510877]",goal3,"[0.01847813 0.0071011  0.01550064 0.00531395 0.02252641 0.01739932
 0.0183103  0.00510877]",goal4,"[0.         0.         0.         0.         0.         0.12043011
 0.         0.        ]",goal5,goal5
goal5_sas_plan.4,0.3,14,0.03295564651489258,"[0.01847813 0.0071011  0.01550064 0.00531395 0.02252641 0.01739932
 0.0183103  0.00510877]",goal3,"[0.01847813 0.0071011  0.01550064 0.00531395 0.02252641 0.01739932
 0.0183103  0.00510877]",goal4,"[0.         0.         0.         0.         0.         0.12043011
 0.         0.        ]",goal5,goal5
goal5_sas_plan.5,0.3,14,0.022933244705200195,"[0.01847813 0.0071011  0.01550064 0.00531395 0.02252641 0.01739932
 0.0183103  0.00510877]",goal3,"[0.01847813 0.0071011  0.01550064 0.00531395 0.02252641 0.01739932
 0.0183103  0.00510877]",goal4,"[0.         0.         0.         0.         0.         0.12043011
 0.         0.        ]",goal5,goal5
goal5_sas_plan.6,0.3,14,0.04998660087585449,"[0.01847813 0.0071011  0.01550064 0.00531395 0.02252641 0.01739932
 0.0183103  0.00510877]",goal3,"[0.01847813 0.0071011  0.01550064 0.00531395 0.02252641 0.01739932
 0.0183103  0.00510877]",goal4,"[0.         0.         0.         0.         0.         0.12043011
 0.         0.        ]",goal5,goal5
goal6_sas_plan.0,0.3,13,0.03795337677001953,"[0.01841764 0.00716262 0.01556065 0.00507435 0.0415989  0.00869439
 0.02012179 0.00520234]",goal6,"[0.01841764 0.00716262 0.01556065 0.00507435 0.0415989  0.00869439
 0.02012179 0.00520234]",goal4,"[0.         0.         0.         0.         0.13835268 0.
 0.06856624 0.        ]",goal4,goal6
goal6_sas_plan.1,0.3,11,0.03196310997009277,"[0.01481749 0.0059366  0.01933209 0.00556346 0.01395135 0.00606371
 0.02653191 0.00728034]",goal6,"[0.01481749 0.0059366  0.01933209 0.00556346 0.01395135 0.00606371
 0.02653191 0.00728034]",goal6,"[0.         0.         0.         0.         0.         0.
 0.12258065 0.        ]",goal6,goal6
goal6_sas_plan.2,0.3,11,0.021974563598632812,"[0.01481749 0.0059366  0.01933209 0.00556346 0.01395135 0.00606371
 0.02653191 0.00728034]",goal6,"[0.01481749 0.0059366  0.01933209 0.00556346 0.01395135 0.00606371
 0.02653191 0.00728034]",goal6,"[0.         0.         0.         0.         0.         0.
 0.12258065 0.        ]",goal6,goal6
goal6_sas_plan.3,0.3,11,0.0379948616027832,"[0.01481749 0.0059366  0.01933209 0.00556346 0.01395135 0.00606371
 0.02653191 0.00728034]",goal6,"[0.01481749 0.0059366  0.01933209 0.00556346 0.01395135 0.00606371
 0.02653191 0.00728034]",goal6,"[0.         0.         0.         0.         0.         0.
 0.12258065 0.        ]",goal6,goal6
goal6_sas_plan.4,0.3,11,0.031007051467895508,"[0.01481749 0.0059366  0.01933209 0.00556346 0.01395135 0.00606371
 0.02653191 0.00728034]",goal6,"[0.01481749 0.0059366  0.01933209 0.00556346 0.01395135 0.00606371
 0.02653191 0.00728034]",goal6,"[0.         0.         0.         0.         0.         0.
 0.12258065 0.        ]",goal6,goal6
goal6_sas_plan.5,0.3,11,0.030968666076660156,"[0.01481749 0.0059366  0.01933209 0.00556346 0.01395135 0.00606371
 0.02653191 0.00728034]",goal6,"[0.01481749 0.0059366  0.01933209 0.00556346 0.01395135 0.00606371
 0.02653191 0.00728034]",goal6,"[0.         0.         0.         0.         0.         0.
 0.12258065 0.        ]",goal6,goal6
goal6_sas_plan.6,0.3,11,0.0320131778717041,"[0.01481749 0.0059366  0.01933209 0.00556346 0.01395135 0.00606371
 0.02653191 0.00728034]",goal6,"[0.01481749 0.0059366  0.01933209 0.00556346 0.01395135 0.00606371
 0.02653191 0.00728034]",goal6,"[0.         0.         0.         0.         0.         0.
 0.12258065 0.        ]",goal6,goal6
goal6_sas_plan.7,0.3,11,0.029932498931884766,"[0.01481749 0.0059366  0.01933209 0.00556346 0.01395135 0.00606371
 0.02653191 0.00728034]",goal6,"[0.01481749 0.0059366  0.01933209 0.00556346 0.01395135 0.00606371
 0.02653191 0.00728034]",goal6,"[0.         0.         0.         0.         0.         0.
 0.12258065 0.        ]",goal6,goal6
goal7_sas_plan.0,0.3,10,0.030924081802368164,"[0.01842332 0.00744843 0.01737968 0.00548571 0.01418663 0.00568325
 0.01871135 0.0086199 ]",goal7,"[0.01842332 0.00744843 0.01737968 0.00548571 0.01418663 0.00568325
 0.01871135 0.0086199 ]",goal6,"[0.         0.         0.         0.         0.         0.
 0.         0.03655914]",goal7,goal7
goal7_sas_plan.1,0.3,10,0.020960330963134766,"[0.01842332 0.00744843 0.01737968 0.00548571 0.01418663 0.00568325
 0.01871135 0.0086199 ]",goal7,"[0.01842332 0.00744843 0.01737968 0.00548571 0.01418663 0.00568325
 0.01871135 0.0086199 ]",goal6,"[0.         0.         0.         0.         0.         0.
 0.         0.03655914]",goal7,goal7
goal0_sas_plan.0,0.5,13,0.026967525482177734,"[0.12769861 0.00738471 0.0040236  0.00134226 0.00105217 0.00053011
 0.0036404  0.00187331]",goal0,"[0.12769861 0.00738471 0.0040236  0.00134226 0.00105217 0.00053011
 0.0036404  0.00187331]",goal0,"[0.17849462 0.         0.         0.         0.         0.
 0.         0.        ]",goal0,goal0
goal0_sas_plan.1,0.5,13,0.059926509857177734,"[0.12769861 0.00738471 0.0040236  0.00134226 0.00105217 0.00053011
 0.0036404  0.00187331]",goal0,"[0.12769861 0.00738471 0.0040236  0.00134226 0.00105217 0.00053011
 0.0036404  0.00187331]",goal0,"[0.17849462 0.         0.         0.         0.         0.
 0.         0.        ]",goal0,goal0
goal0_sas_plan.2,0.5,13,0.03499579429626465,"[0.12769861 0.00738471 0.0040236  0.00134226 0.00105217 0.00053011
 0.0036404  0.00187331]",goal0,"[0.12769861 0.00738471 0.0040236  0.00134226 0.00105217 0.00053011
 0.0036404  0.00187331]",goal0,"[0.17849462 0.         0.         0.         0.         0.
 0.         0.        ]",goal0,goal0
goal0_sas_plan.3,0.5,13,0.03595113754272461,"[0.12769861 0.00738471 0.0040236  0.00134226 0.00105217 0.00053011
 0.0036404  0.00187331]",goal0,"[0.12769861 0.00738471 0.0040236  0.00134226 0.00105217 0.00053011
 0.0036404  0.00187331]",goal0,"[0.17849462 0.         0.         0.         0.         0.
 0.         0.        ]",goal0,goal0
goal0_sas_plan.4,0.5,13,0.027956247329711914,"[0.12769861 0.00738471 0.0040236  0.00134226 0.00105217 0.00053011
 0.0036404  0.00187331]",goal0,"[0.12769861 0.00738471 0.0040236  0.00134226 0.00105217 0.00053011
 0.0036404  0.00187331]",goal0,"[0.17849462 0.         0.         0.         0.         0.
 0.         0.        ]",goal0,goal0
goal0_sas_plan.5,0.5,13,0.025806427001953125,"[0.12769861 0.00738471 0.0040236  0.00134226 0.00105217 0.00053011
 0.0036404  0.00187331]",goal0,"[0.12769861 0.00738471 0.0040236  0.00134226 0.00105217 0.00053011
 0.0036404  0.00187331]",goal0,"[0.17849462 0.         0.         0.         0.         0.
 0.         0.        ]",goal0,goal0
goal0_sas_plan.6,0.5,13,0.0419926643371582,"[0.12769861 0.00738471 0.0040236  0.00134226 0.00105217 0.00053011
 0.0036404  0.00187331]",goal0,"[0.12769861 0.00738471 0.0040236  0.00134226 0.00105217 0.00053011
 0.0036404  0.00187331]",goal0,"[0.17849462 0.         0.         0.         0.         0.
 0.         0.        ]",goal0,goal0
goal0_sas_plan.7,0.5,13,0.014978647232055664,"[0.12769861 0.00738471 0.0040236  0.00134226 0.00105217 0.00053011
 0.0036404  0.00187331]",goal0,"[0.12769861 0.00738471 0.0040236  0.00134226 0.00105217 0.00053011
 0.0036404  0.00187331]",goal0,"[0.17849462 0.         0.         0.         0.         0.
 0.         0.        ]",goal0,goal0
goal0_sas_plan.8,0.5,13,0.05793881416320801,"[0.12769861 0.00738471 0.0040236  0.00134226 0.00105217 0.00053011
 0.0036404  0.00187331]",goal0,"[0.12769861 0.00738471 0.0040236  0.00134226 0.00105217 0.00053011
 0.0036404  0.00187331]",goal0,"[0.17849462 0.         0.         0.         0.         0.
 0.         0.        ]",goal0,goal0
goal0_sas_plan.9,0.5,13,0.03201150894165039,"[0.12769861 0.00738471 0.0040236  0.00134226 0.00105217 0.00053011
 0.0036404  0.00187331]",goal0,"[0.12769861 0.00738471 0.0040236  0.00134226 0.00105217 0.00053011
 0.0036404  0.00187331]",goal0,"[0.17849462 0.         0.         0.         0.         0.
 0.         0.        ]",goal0,goal0
goal1_sas_plan.0,0.5,18,0.06593465805053711,"[0.03914472 0.02735675 0.00863888 0.00261744 0.00433769 0.00223268
 0.00694862 0.00294953]",goal1,"[0.03914472 0.02735675 0.00863888 0.00261744 0.00433769 0.00223268
 0.00694862 0.00294953]",goal0,"[0.         0.05806452 0.         0.         0.         0.
 0.         0.        ]",goal1,goal1
goal1_sas_plan.1,0.5,18,0.03395867347717285,"[0.03914472 0.02735675 0.00863888 0.00261744 0.00433769 0.00223268
 0.00694862 0.00294953]",goal1,"[0.03914472 0.02735675 0.00863888 0.00261744 0.00433769 0.00223268
 0.00694862 0.00294953]",goal0,"[0.         0.05806452 0.         0.         0.         0.
 0.         0.        ]",goal1,goal1
goal1_sas_plan.2,0.5,18,0.05794048309326172,"[0.03914472 0.02735675 0.00863888 0.00261744 0.00433769 0.00223268
 0.00694862 0.00294953]",goal1,"[0.03914472 0.02735675 0.00863888 0.00261744 0.00433769 0.00223268
 0.00694862 0.00294953]",goal0,"[0.         0.05806452 0.         0.         0.         0.
 0.         0.        ]",goal1,goal1
goal1_sas_plan.3,0.5,18,0.04452157020568848,"[0.03914472 0.02735675 0.00863888 0.00261744 0.00433769 0.00223268
 0.00694862 0.00294953]",goal1,"[0.03914472 0.02735675 0.00863888 0.00261744 0.00433769 0.00223268
 0.00694862 0.00294953]",goal0,"[0.         0.05806452 0.         0.         0.         0.
 0.         0.        ]",goal1,goal1
goal2_sas_plan.0,0.5,21,0.06192183494567871,"[0.01078881 0.00450643 0.03858239 0.00565337 0.01805235 0.00658649
 0.01568518 0.00631468]",goal2,"[0.01078881 0.00450643 0.03858239 0.00565337 0.01805235 0.00658649
 0.01568518 0.00631468]",goal2,"[0.         0.         0.13548387 0.         0.         0.
 0.         0.        ]",goal2,goal2
goal2_sas_plan.1,0.5,21,0.04793238639831543,"[0.01078881 0.00450643 0.03858239 0.00565337 0.01805235 0.00658649
 0.01568518 0.00631468]",goal2,"[0.01078881 0.00450643 0.03858239 0.00565337 0.01805235 0.00658649
 0.01568518 0.00631468]",goal2,"[0.         0.         0.13548387 0.         0.         0.
 0.         0.        ]",goal2,goal2
goal2_sas_plan.2,0.5,21,0.04693865776062012,"[0.01078881 0.00450643 0.03858239 0.00565337 0.01805235 0.00658649
 0.01568518 0.00631468]",goal2,"[0.01078881 0.00450643 0.03858239 0.00565337 0.01805235 0.00658649
 0.01568518 0.00631468]",goal2,"[0.         0.         0.13548387 0.         0.         0.
 0.         0.        ]",goal2,goal2
goal2_sas_plan.3,0.5,21,0.0629270076751709,"[0.01078881 0.00450643 0.03858239 0.00565337 0.01805235 0.00658649
 0.01568518 0.00631468]",goal2,"[0.01078881 0.00450643 0.03858239 0.00565337 0.01805235 0.00658649
 0.01568518 0.00631468]",goal2,"[0.         0.         0.13548387 0.         0.         0.
 0.         0.        ]",goal2,goal2
goal2_sas_plan.4,0.5,21,0.046935081481933594,"[0.01078881 0.00450643 0.03858239 0.00565337 0.01805235 0.00658649
 0.01568518 0.00631468]",goal2,"[0.01078881 0.00450643 0.03858239 0.00565337 0.01805235 0.00658649
 0.01568518 0.00631468]",goal2,"[0.         0.         0.13548387 0.         0.         0.
 0.         0.        ]",goal2,goal2
goal2_sas_plan.5,0.5,21,0.04705953598022461,"[0.01078881 0.00450643 0.03858239 0.00565337 0.01805235 0.00658649
 0.01568518 0.00631468]",goal2,"[0.01078881 0.00450643 0.03858239 0.00565337 0.01805235 0.00658649
 0.01568518 0.00631468]",goal2,"[0.         0.         0.13548387 0.         0.         0.
 0.         0.        ]",goal2,goal2
goal2_sas_plan.6,0.5,21,0.060892343521118164,"[0.01078881 0.00450643 0.03858239 0.00565337 0.01805235 0.00658649
 0.01568518 0.00631468]",goal2,"[0.01078881 0.00450643 0.03858239 0.00565337 0.01805235 0.00658649
 0.01568518 0.00631468]",goal2,"[0.         0.         0.13548387 0.         0.         0.
 0.         0.        ]",goal2,goal2
goal3_sas_plan.0,0.5,14,0.040994882583618164,"[0.00943266 0.0045077  0.01668683 0.01692308 0.00384747 0.00252848
 0.00951625 0.00525165]",goal3,"[0.00943266 0.0045077  0.01668683 0.01692308 0.00384747 0.00252848
 0.00951625 0.00525165]",goal3,"[0.        0.        0.        0.0344086 0.        0.        0.
 0.       ]",goal3,goal3
goal3_sas_plan.1,0.5,14,0.027126789093017578,"[0.00943266 0.0045077  0.01668683 0.01692308 0.00384747 0.00252848
 0.00951625 0.00525165]",goal3,"[0.00943266 0.0045077  0.01668683 0.01692308 0.00384747 0.00252848
 0.00951625 0.00525165]",goal3,"[0.        0.        0.        0.0344086 0.        0.        0.
 0.       ]",goal3,goal3
goal3_sas_plan.2,0.5,14,0.032967329025268555,"[0.00943266 0.0045077  0.01668683 0.01692308 0.00384747 0.00252848
 0.00951625 0.00525165]",goal3,"[0.00943266 0.0045077  0.01668683 0.01692308 0.00384747 0.00252848
 0.00951625 0.00525165]",goal3,"[0.        0.        0.        0.0344086 0.        0.        0.
 0.       ]",goal3,goal3
goal4_sas_plan.0,0.5,25,0.08691263198852539,"[0.01211304 0.00345853 0.01483272 0.00468179 0.06598838 0.00577172
 0.02261219 0.00674399]",goal4,"[0.01211304 0.00345853 0.01483272 0.00468179 0.06598838 0.00577172
 0.02261219 0.00674399]",goal4,"[0.         0.         0.         0.         0.31397849 0.
 0.         0.        ]",goal4,goal4
goal4_sas_plan.1,0.5,25,0.04358029365539551,"[0.01211304 0.00345853 0.01483272 0.00468179 0.06598838 0.00577172
 0.02261219 0.00674399]",goal4,"[0.01211304 0.00345853 0.01483272 0.00468179 0.06598838 0.00577172
 0.02261219 0.00674399]",goal4,"[0.         0.         0.         0.         0.31397849 0.
 0.         0.        ]",goal4,goal4
goal4_sas_plan.10,0.5,23,0.06189918518066406,"[0.01171208 0.00399577 0.01364652 0.00483688 0.07105658 0.00869171
 0.02186368 0.00538983]",goal4,"[0.01171208 0.00399577 0.01364652 0.00483688 0.07105658 0.00869171
 0.02186368 0.00538983]",goal4,"[0.         0.         0.         0.         0.31397849 0.
 0.         0.        ]",goal4,goal4
goal4_sas_plan.11,0.5,23,0.07999396324157715,"[0.01171208 0.00399577 0.01364652 0.00483688 0.07105658 0.00869171
 0.02186368 0.00538983]",goal4,"[0.01171208 0.00399577 0.01364652 0.00483688 0.07105658 0.00869171
 0.02186368 0.00538983]",goal4,"[0.         0.         0.         0.         0.31397849 0.
 0.         0.        ]",goal4,goal4
goal4_sas_plan.12,0.5,23,0.05241513252258301,"[0.01171208 0.00399577 0.01364652 0.00483688 0.07105658 0.00869171
 0.02186368 0.00538983]",goal4,"[0.01171208 0.00399577 0.01364652 0.00483688 0.07105658 0.00869171
 0.02186368 0.00538983]",goal4,"[0.         0.         0.         0.         0.31397849 0.
 0.         0.        ]",goal4,goal4
goal4_sas_plan.13,0.5,23,0.05993461608886719,"[0.01171208 0.00399577 0.01364652 0.00483688 0.07105658 0.00869171
 0.02186368 0.00538983]",goal4,"[0.01171208 0.00399577 0.01364652 0.00483688 0.07105658 0.00869171
 0.02186368 0.00538983]",goal4,"[0.         0.         0.         0.         0.31397849 0.
 0.         0.        ]",goal4,goal4
goal4_sas_plan.14,0.5,23,0.06788039207458496,"[0.01171208 0.00399577 0.01364652 0.00483688 0.07105658 0.00869171
 0.02186368 0.00538983]",goal4,"[0.01171208 0.00399577 0.01364652 0.00483688 0.07105658 0.00869171
 0.02186368 0.00538983]",goal4,"[0.         0.         0.         0.         0.31397849 0.
 0.         0.        ]",goal4,goal4
goal4_sas_plan.15,0.5,23,0.05094122886657715,"[0.01171208 0.00399577 0.01364652 0.00483688 0.07105658 0.00869171
 0.02186368 0.00538983]",goal4,"[0.01171208 0.00399577 0.01364652 0.00483688 0.07105658 0.00869171
 0.02186368 0.00538983]",goal4,"[0.         0.         0.         0.         0.31397849 0.
 0.         0.        ]",goal4,goal4
goal4_sas_plan.16,0.5,23,0.06188225746154785,"[0.01171208 0.00399577 0.01364652 0.00483688 0.07105658 0.00869171
 0.02186368 0.00538983]",goal4,"[0.01171208 0.00399577 0.01364652 0.00483688 0.07105658 0.00869171
 0.02186368 0.00538983]",goal4,"[0.         0.         0.         0.         0.31397849 0.
 0.         0.        ]",goal4,goal4
goal4_sas_plan.2,0.5,25,0.05289006233215332,"[0.01211304 0.00345853 0.01483272 0.00468179 0.06598838 0.00577172
 0.02261219 0.00674399]",goal4,"[0.01211304 0.00345853 0.01483272 0.00468179 0.06598838 0.00577172
 0.02261219 0.00674399]",goal4,"[0.         0.         0.         0.         0.31397849 0.
 0.         0.        ]",goal4,goal4
goal4_sas_plan.3,0.5,25,0.04688739776611328,"[0.01211304 0.00345853 0.01483272 0.00468179 0.06598838 0.00577172
 0.02261219 0.00674399]",goal4,"[0.01211304 0.00345853 0.01483272 0.00468179 0.06598838 0.00577172
 0.02261219 0.00674399]",goal4,"[0.         0.         0.         0.         0.31397849 0.
 0.         0.        ]",goal4,goal4
goal4_sas_plan.4,0.5,30,0.09384346008300781,"[0.01336899 0.00450153 0.0170214  0.00417637 0.05568829 0.01109334
 0.02029246 0.00605214]",goal4,"[0.01336899 0.00450153 0.0170214  0.00417637 0.05568829 0.01109334
 0.02029246 0.00605214]",goal4,"[0.         0.         0.         0.         0.31397849 0.
 0.         0.        ]",goal4,goal4
goal4_sas_plan.5,0.5,24,0.06088829040527344,"[0.01203939 0.00409046 0.0123892  0.00553723 0.06279666 0.00886093
 0.02060295 0.00614474]",goal4,"[0.01203939 0.00409046 0.0123892  0.00553723 0.06279666 0.00886093
 0.02060295 0.00614474]",goal4,"[0.         0.         0.         0.         0.31397849 0.
 0.         0.        ]",goal4,goal4
goal4_sas_plan.6,0.5,24,0.05748295783996582,"[0.01203939 0.00409046 0.0123892  0.00553723 0.06279666 0.00886093
 0.02060295 0.00614474]",goal4,"[0.01203939 0.00409046 0.0123892  0.00553723 0.06279666 0.00886093
 0.02060295 0.00614474]",goal4,"[0.         0.         0.         0.         0.31397849 0.
 0.         0.        ]",goal4,goal4
goal4_sas_plan.7,0.5,24,0.17555975914001465,"[0.01203939 0.00409046 0.0123892  0.00553723 0.06279666 0.00886093
 0.02060295 0.00614474]",goal4,"[0.01203939 0.00409046 0.0123892  0.00553723 0.06279666 0.00886093
 0.02060295 0.00614474]",goal4,"[0.         0.         0.         0.         0.31397849 0.
 0.         0.        ]",goal4,goal4
goal4_sas_plan.8,0.5,24,0.05789589881896973,"[0.01203939 0.00409046 0.0123892  0.00553723 0.06279666 0.00886093
 0.02060295 0.00614474]",goal4,"[0.01203939 0.00409046 0.0123892  0.00553723 0.06279666 0.00886093
 0.02060295 0.00614474]",goal4,"[0.         0.         0.         0.         0.31397849 0.
 0.         0.        ]",goal4,goal4
goal4_sas_plan.9,0.5,24,0.06493592262268066,"[0.01203939 0.00409046 0.0123892  0.00553723 0.06279666 0.00886093
 0.02060295 0.00614474]",goal4,"[0.01203939 0.00409046 0.0123892  0.00553723 0.06279666 0.00886093
 0.02060295 0.00614474]",goal4,"[0.         0.         0.         0.         0.31397849 0.
 0.         0.        ]",goal4,goal4
goal5_sas_plan.0,0.5,24,0.06584525108337402,"[0.01194443 0.00371288 0.01246269 0.00476493 0.0167393  0.02627424
 0.02555503 0.00580239]",goal5,"[0.01194443 0.00371288 0.01246269 0.00476493 0.0167393  0.02627424
 0.02555503 0.00580239]",goal5,"[0.         0.         0.         0.         0.         0.12043011
 0.         0.        ]",goal5,goal5
goal5_sas_plan.1,0.5,24,0.049897193908691406,"[0.01194443 0.00371288 0.01246269 0.00476493 0.0167393  0.02627424
 0.02555503 0.00580239]",goal5,"[0.01194443 0.00371288 0.01246269 0.00476493 0.0167393  0.02627424
 0.02555503 0.00580239]",goal5,"[0.         0.         0.         0.         0.         0.12043011
 0.         0.        ]",goal5,goal5
goal5_sas_plan.2,0.5,24,0.05990457534790039,"[0.01194443 0.00371288 0.01246269 0.00476493 0.0167393  0.02627424
 0.02555503 0.00580239]",goal5,"[0.01194443 0.00371288 0.01246269 0.00476493 0.0167393  0.02627424
 0.02555503 0.00580239]",goal5,"[0.         0.         0.         0.         0.         0.12043011
 0.         0.        ]",goal5,goal5
goal5_sas_plan.3,0.5,24,0.05585217475891113,"[0.01194443 0.00371288 0.01246269 0.00476493 0.0167393  0.02627424
 0.02555503 0.00580239]",goal5,"[0.01194443 0.00371288 0.01246269 0.00476493 0.0167393  0.02627424
 0.02555503 0.00580239]",goal5,"[0.         0.         0.         0.         0.         0.12043011
 0.         0.        ]",goal5,goal5
goal5_sas_plan.4,0.5,24,0.049903154373168945,"[0.01194443 0.00371288 0.01246269 0.00476493 0.0167393  0.02627424
 0.02555503 0.00580239]",goal5,"[0.01194443 0.00371288 0.01246269 0.00476493 0.0167393  0.02627424
 0.02555503 0.00580239]",goal5,"[0.         0.         0.         0.         0.         0.12043011
 0.         0.        ]",goal5,goal5
goal5_sas_plan.5,0.5,24,0.07169461250305176,"[0.01194443 0.00371288 0.01246269 0.00476493 0.0167393  0.02627424
 0.02555503 0.00580239]",goal5,"[0.01194443 0.00371288 0.01246269 0.00476493 0.0167393  0.02627424
 0.02555503 0.00580239]",goal5,"[0.         0.         0.         0.         0.         0.12043011
 0.         0.        ]",goal5,goal5
goal5_sas_plan.6,0.5,24,0.06792473793029785,"[0.01194443 0.00371288 0.01246269 0.00476493 0.0167393  0.02627424
 0.02555503 0.00580239]",goal5,"[0.01194443 0.00371288 0.01246269 0.00476493 0.0167393  0.02627424
 0.02555503 0.00580239]",goal5,"[0.         0.         0.         0.         0.         0.12043011
 0.         0.        ]",goal5,goal5
goal6_sas_plan.0,0.5,21,0.054939985275268555,"[0.01366569 0.00516489 0.01090457 0.00530491 0.01532762 0.00922022
 0.0362012  0.00654864]",goal6,"[0.01366569 0.00516489 0.01090457 0.00530491 0.01532762 0.00922022
 0.0362012  0.00654864]",goal6,"[0.         0.         0.         0.         0.         0.
 0.12258065 0.        ]",goal6,goal6
goal6_sas_plan.1,0.5,18,0.05189943313598633,"[0.0092419  0.00403441 0.01507055 0.00405934 0.00851184 0.00438118
 0.0442176  0.00823752]",goal6,"[0.0092419  0.00403441 0.01507055 0.00405934 0.00851184 0.00438118
 0.0442176  0.00823752]",goal6,"[0.         0.         0.         0.         0.         0.
 0.12258065 0.        ]",goal6,goal6
goal6_sas_plan.2,0.5,18,0.02693009376525879,"[0.0092419  0.00403441 0.01507055 0.00405934 0.00851184 0.00438118
 0.0442176  0.00823752]",goal6,"[0.0092419  0.00403441 0.01507055 0.00405934 0.00851184 0.00438118
 0.0442176  0.00823752]",goal6,"[0.         0.         0.         0.         0.         0.
 0.12258065 0.        ]",goal6,goal6
goal6_sas_plan.3,0.5,18,0.05754852294921875,"[0.0092419  0.00403441 0.01507055 0.00405934 0.00851184 0.00438118
 0.0442176  0.00823752]",goal6,"[0.0092419  0.00403441 0.01507055 0.00405934 0.00851184 0.00438118
 0.0442176  0.00823752]",goal6,"[0.         0.         0.         0.         0.         0.
 0.12258065 0.        ]",goal6,goal6
goal6_sas_plan.4,0.5,18,0.03693246841430664,"[0.0092419  0.00403441 0.01507055 0.00405934 0.00851184 0.00438118
 0.0442176  0.00823752]",goal6,"[0.0092419  0.00403441 0.01507055 0.00405934 0.00851184 0.00438118
 0.0442176  0.00823752]",goal6,"[0.         0.         0.         0.         0.         0.
 0.12258065 0.        ]",goal6,goal6
goal6_sas_plan.5,0.5,18,0.04493236541748047,"[0.0092419  0.00403441 0.01507055 0.00405934 0.00851184 0.00438118
 0.0442176  0.00823752]",goal6,"[0.0092419  0.00403441 0.01507055 0.00405934 0.00851184 0.00438118
 0.0442176  0.00823752]",goal6,"[0.         0.         0.         0.         0.         0.
 0.12258065 0.        ]",goal6,goal6
goal6_sas_plan.6,0.5,18,0.029937267303466797,"[0.0092419  0.00403441 0.01507055 0.00405934 0.00851184 0.00438118
 0.0442176  0.00823752]",goal6,"[0.0092419  0.00403441 0.01507055 0.00405934 0.00851184 0.00438118
 0.0442176  0.00823752]",goal6,"[0.         0.         0.         0.         0.         0.
 0.12258065 0.        ]",goal6,goal6
goal6_sas_plan.7,0.5,18,0.046922922134399414,"[0.0092419  0.00403441 0.01507055 0.00405934 0.00851184 0.00438118
 0.0442176  0.00823752]",goal6,"[0.0092419  0.00403441 0.01507055 0.00405934 0.00851184 0.00438118
 0.0442176  0.00823752]",goal6,"[0.         0.         0.         0.         0.         0.
 0.12258065 0.        ]",goal6,goal6
goal7_sas_plan.0,0.5,17,0.0599062442779541,"[0.01082516 0.00481323 0.01442069 0.00500589 0.00957489 0.00390942
 0.0147845  0.01539025]",goal7,"[0.01082516 0.00481323 0.01442069 0.00500589 0.00957489 0.00390942
 0.0147845  0.01539025]",goal7,"[0.         0.         0.         0.         0.         0.
 0.         0.03655914]",goal7,goal7
goal7_sas_plan.1,0.5,17,0.02988910675048828,"[0.01082516 0.00481323 0.01442069 0.00500589 0.00957489 0.00390942
 0.0147845  0.01539025]",goal7,"[0.01082516 0.00481323 0.01442069 0.00500589 0.00957489 0.00390942
 0.0147845  0.01539025]",goal7,"[0.         0.         0.         0.         0.         0.
 0.         0.03655914]",goal7,goal7
goal0_sas_plan.0,0.7,17,0.06095004081726074,"[1.70775627e-01 1.56200348e-03 3.70680604e-04 1.44511644e-04
 2.78627377e-05 1.64052369e-05 3.35377689e-04 2.35697691e-04]",goal0,"[1.70775627e-01 1.56200348e-03 3.70680604e-04 1.44511644e-04
 2.78627377e-05 1.64052369e-05 3.35377689e-04 2.35697691e-04]",goal0,"[0.17849462 0.         0.         0.         0.         0.
 0.         0.        ]",goal0,goal0
goal0_sas_plan.1,0.7,17,0.03796219825744629,"[1.70775627e-01 1.56200348e-03 3.70680604e-04 1.44511644e-04
 2.78627377e-05 1.64052369e-05 3.35377689e-04 2.35697691e-04]",goal0,"[1.70775627e-01 1.56200348e-03 3.70680604e-04 1.44511644e-04
 2.78627377e-05 1.64052369e-05 3.35377689e-04 2.35697691e-04]",goal0,"[0.17849462 0.         0.         0.         0.         0.
 0.         0.        ]",goal0,goal0
goal0_sas_plan.2,0.7,17,0.053949832916259766,"[1.70775627e-01 1.56200348e-03 3.70680604e-04 1.44511644e-04
 2.78627377e-05 1.64052369e-05 3.35377689e-04 2.35697691e-04]",goal0,"[1.70775627e-01 1.56200348e-03 3.70680604e-04 1.44511644e-04
 2.78627377e-05 1.64052369e-05 3.35377689e-04 2.35697691e-04]",goal0,"[0.17849462 0.         0.         0.         0.         0.
 0.         0.        ]",goal0,goal0
goal0_sas_plan.3,0.7,17,0.06095290184020996,"[1.70775627e-01 1.56200348e-03 3.70680604e-04 1.44511644e-04
 2.78627377e-05 1.64052369e-05 3.35377689e-04 2.35697691e-04]",goal0,"[1.70775627e-01 1.56200348e-03 3.70680604e-04 1.44511644e-04
 2.78627377e-05 1.64052369e-05 3.35377689e-04 2.35697691e-04]",goal0,"[0.17849462 0.         0.         0.         0.         0.
 0.         0.        ]",goal0,goal0
goal0_sas_plan.4,0.7,17,0.029967546463012695,"[1.70775627e-01 1.56200348e-03 3.70680604e-04 1.44511644e-04
 2.78627377e-05 1.64052369e-05 3.35377689e-04 2.35697691e-04]",goal0,"[1.70775627e-01 1.56200348e-03 3.70680604e-04 1.44511644e-04
 2.78627377e-05 1.64052369e-05 3.35377689e-04 2.35697691e-04]",goal0,"[0.17849462 0.         0.         0.         0.         0.
 0.         0.        ]",goal0,goal0
goal0_sas_plan.5,0.7,17,0.05394864082336426,"[1.70775627e-01 1.56200348e-03 3.70680604e-04 1.44511644e-04
 2.78627377e-05 1.64052369e-05 3.35377689e-04 2.35697691e-04]",goal0,"[1.70775627e-01 1.56200348e-03 3.70680604e-04 1.44511644e-04
 2.78627377e-05 1.64052369e-05 3.35377689e-04 2.35697691e-04]",goal0,"[0.17849462 0.         0.         0.         0.         0.
 0.         0.        ]",goal0,goal0
goal0_sas_plan.6,0.7,17,0.03696393966674805,"[1.70775627e-01 1.56200348e-03 3.70680604e-04 1.44511644e-04
 2.78627377e-05 1.64052369e-05 3.35377689e-04 2.35697691e-04]",goal0,"[1.70775627e-01 1.56200348e-03 3.70680604e-04 1.44511644e-04
 2.78627377e-05 1.64052369e-05 3.35377689e-04 2.35697691e-04]",goal0,"[0.17849462 0.         0.         0.         0.         0.
 0.         0.        ]",goal0,goal0
goal0_sas_plan.7,0.7,17,0.06194472312927246,"[1.70775627e-01 1.56200348e-03 3.70680604e-04 1.44511644e-04
 2.78627377e-05 1.64052369e-05 3.35377689e-04 2.35697691e-04]",goal0,"[1.70775627e-01 1.56200348e-03 3.70680604e-04 1.44511644e-04
 2.78627377e-05 1.64052369e-05 3.35377689e-04 2.35697691e-04]",goal0,"[0.17849462 0.         0.         0.         0.         0.
 0.         0.        ]",goal0,goal0
goal0_sas_plan.8,0.7,17,0.0379638671875,"[1.70775627e-01 1.56200348e-03 3.70680604e-04 1.44511644e-04
 2.78627377e-05 1.64052369e-05 3.35377689e-04 2.35697691e-04]",goal0,"[1.70775627e-01 1.56200348e-03 3.70680604e-04 1.44511644e-04
 2.78627377e-05 1.64052369e-05 3.35377689e-04 2.35697691e-04]",goal0,"[0.17849462 0.         0.         0.         0.         0.
 0.         0.        ]",goal0,goal0
goal0_sas_plan.9,0.7,17,0.05295372009277344,"[1.70775627e-01 1.56200348e-03 3.70680604e-04 1.44511644e-04
 2.78627377e-05 1.64052369e-05 3.35377689e-04 2.35697691e-04]",goal0,"[1.70775627e-01 1.56200348e-03 3.70680604e-04 1.44511644e-04
 2.78627377e-05 1.64052369e-05 3.35377689e-04 2.35697691e-04]",goal0,"[0.17849462 0.         0.         0.         0.         0.
 0.         0.        ]",goal0,goal0
goal1_sas_plan.0,0.7,25,0.07193994522094727,"[0.02206879 0.04799715 0.00092172 0.00047139 0.00028909 0.00018282
 0.00101857 0.00067608]",goal1,"[0.02206879 0.04799715 0.00092172 0.00047139 0.00028909 0.00018282
 0.00101857 0.00067608]",goal1,"[0.         0.05806452 0.         0.         0.         0.
 0.         0.        ]",goal1,goal1
goal1_sas_plan.1,0.7,25,0.07193279266357422,"[0.02206879 0.04799715 0.00092172 0.00047139 0.00028909 0.00018282
 0.00101857 0.00067608]",goal1,"[0.02206879 0.04799715 0.00092172 0.00047139 0.00028909 0.00018282
 0.00101857 0.00067608]",goal1,"[0.         0.05806452 0.         0.         0.         0.
 0.         0.        ]",goal1,goal1
goal1_sas_plan.2,0.7,25,0.03895902633666992,"[0.02206879 0.04799715 0.00092172 0.00047139 0.00028909 0.00018282
 0.00101857 0.00067608]",goal1,"[0.02206879 0.04799715 0.00092172 0.00047139 0.00028909 0.00018282
 0.00101857 0.00067608]",goal1,"[0.         0.05806452 0.         0.         0.         0.
 0.         0.        ]",goal1,goal1
goal1_sas_plan.3,0.7,25,0.07193350791931152,"[0.02206879 0.04799715 0.00092172 0.00047139 0.00028909 0.00018282
 0.00101857 0.00067608]",goal1,"[0.02206879 0.04799715 0.00092172 0.00047139 0.00028909 0.00018282
 0.00101857 0.00067608]",goal1,"[0.         0.05806452 0.         0.         0.         0.
 0.         0.        ]",goal1,goal1
goal2_sas_plan.0,0.7,29,0.09625482559204102,"[0.00389301 0.00162609 0.0900274  0.0024099  0.00630041 0.00159312
 0.00933137 0.00388404]",goal2,"[0.00389301 0.00162609 0.0900274  0.0024099  0.00630041 0.00159312
 0.00933137 0.00388404]",goal2,"[0.         0.         0.13548387 0.         0.         0.
 0.         0.        ]",goal2,goal2
goal2_sas_plan.1,0.7,29,0.03401446342468262,"[0.00389301 0.00162609 0.0900274  0.0024099  0.00630041 0.00159312
 0.00933137 0.00388404]",goal2,"[0.00389301 0.00162609 0.0900274  0.0024099  0.00630041 0.00159312
 0.00933137 0.00388404]",goal2,"[0.         0.         0.13548387 0.         0.         0.
 0.         0.        ]",goal2,goal2
goal2_sas_plan.2,0.7,29,0.08092546463012695,"[0.00389301 0.00162609 0.0900274  0.0024099  0.00630041 0.00159312
 0.00933137 0.00388404]",goal2,"[0.00389301 0.00162609 0.0900274  0.0024099  0.00630041 0.00159312
 0.00933137 0.00388404]",goal2,"[0.         0.         0.13548387 0.         0.         0.
 0.         0.        ]",goal2,goal2
goal2_sas_plan.3,0.7,29,0.07193517684936523,"[0.00389301 0.00162609 0.0900274  0.0024099  0.00630041 0.00159312
 0.00933137 0.00388404]",goal2,"[0.00389301 0.00162609 0.0900274  0.0024099  0.00630041 0.00159312
 0.00933137 0.00388404]",goal2,"[0.         0.         0.13548387 0.         0.         0.
 0.         0.        ]",goal2,goal2
goal2_sas_plan.4,0.7,29,0.05694317817687988,"[0.00389301 0.00162609 0.0900274  0.0024099  0.00630041 0.00159312
 0.00933137 0.00388404]",goal2,"[0.00389301 0.00162609 0.0900274  0.0024099  0.00630041 0.00159312
 0.00933137 0.00388404]",goal2,"[0.         0.         0.13548387 0.         0.         0.
 0.         0.        ]",goal2,goal2
goal2_sas_plan.5,0.7,29,0.07293343544006348,"[0.00389301 0.00162609 0.0900274  0.0024099  0.00630041 0.00159312
 0.00933137 0.00388404]",goal2,"[0.00389301 0.00162609 0.0900274  0.0024099  0.00630041 0.00159312
 0.00933137 0.00388404]",goal2,"[0.         0.         0.13548387 0.         0.         0.
 0.         0.        ]",goal2,goal2
goal2_sas_plan.6,0.7,29,0.08892059326171875,"[0.00389301 0.00162609 0.0900274  0.0024099  0.00630041 0.00159312
 0.00933137 0.00388404]",goal2,"[0.00389301 0.00162609 0.0900274  0.0024099  0.00630041 0.00159312
 0.00933137 0.00388404]",goal2,"[0.         0.         0.13548387 0.         0.         0.
 0.         0.        ]",goal2,goal2
goal3_sas_plan.0,0.7,19,0.045957326889038086,"[0.00152255 0.00118812 0.00457069 0.02993649 0.00031988 0.00029432
 0.00250826 0.00158366]",goal3,"[0.00152255 0.00118812 0.00457069 0.02993649 0.00031988 0.00029432
 0.00250826 0.00158366]",goal3,"[0.        0.        0.        0.0344086 0.        0.        0.
 0.       ]",goal3,goal3
goal3_sas_plan.1,0.7,19,0.054953575134277344,"[0.00152255 0.00118812 0.00457069 0.02993649 0.00031988 0.00029432
 0.00250826 0.00158366]",goal3,"[0.00152255 0.00118812 0.00457069 0.02993649 0.00031988 0.00029432
 0.00250826 0.00158366]",goal3,"[0.        0.        0.        0.0344086 0.        0.        0.
 0.       ]",goal3,goal3
goal3_sas_plan.2,0.7,19,0.037960052490234375,"[0.00152255 0.00118812 0.00457069 0.02993649 0.00031988 0.00029432
 0.00250826 0.00158366]",goal3,"[0.00152255 0.00118812 0.00457069 0.02993649 0.00031988 0.00029432
 0.00250826 0.00158366]",goal3,"[0.        0.        0.        0.0344086 0.        0.        0.
 0.       ]",goal3,goal3
goal4_sas_plan.0,0.7,34,0.0819244384765625,"[0.00412561 0.00144143 0.00687035 0.00249381 0.16814278 0.00370408
 0.01949155 0.003787  ]",goal4,"[0.00412561 0.00144143 0.00687035 0.00249381 0.16814278 0.00370408
 0.01949155 0.003787  ]",goal4,"[0.         0.         0.         0.         0.31397849 0.
 0.         0.        ]",goal4,goal4
goal4_sas_plan.1,0.7,34,0.07492661476135254,"[0.00412561 0.00144143 0.00687035 0.00249381 0.16814278 0.00370408
 0.01949155 0.003787  ]",goal4,"[0.00412561 0.00144143 0.00687035 0.00249381 0.16814278 0.00370408
 0.01949155 0.003787  ]",goal4,"[0.         0.         0.         0.         0.31397849 0.
 0.         0.        ]",goal4,goal4
goal4_sas_plan.10,0.7,31,0.0819237232208252,"[0.00373479 0.00131208 0.00660703 0.00287498 0.16620185 0.00739733
 0.01754845 0.00329891]",goal4,"[0.00373479 0.00131208 0.00660703 0.00287498 0.16620185 0.00739733
 0.01754845 0.00329891]",goal4,"[0.         0.         0.         0.         0.31397849 0.
 0.         0.        ]",goal4,goal4
goal4_sas_plan.11,0.7,31,0.08892202377319336,"[0.00373479 0.00131208 0.00660703 0.00287498 0.16620185 0.00739733
 0.01754845 0.00329891]",goal4,"[0.00373479 0.00131208 0.00660703 0.00287498 0.16620185 0.00739733
 0.01754845 0.00329891]",goal4,"[0.         0.         0.         0.         0.31397849 0.
 0.         0.        ]",goal4,goal4
goal4_sas_plan.12,0.7,31,0.07393050193786621,"[0.00373479 0.00131208 0.00660703 0.00287498 0.16620185 0.00739733
 0.01754845 0.00329891]",goal4,"[0.00373479 0.00131208 0.00660703 0.00287498 0.16620185 0.00739733
 0.01754845 0.00329891]",goal4,"[0.         0.         0.         0.         0.31397849 0.
 0.         0.        ]",goal4,goal4
goal4_sas_plan.13,0.7,31,0.06593561172485352,"[0.00373479 0.00131208 0.00660703 0.00287498 0.16620185 0.00739733
 0.01754845 0.00329891]",goal4,"[0.00373479 0.00131208 0.00660703 0.00287498 0.16620185 0.00739733
 0.01754845 0.00329891]",goal4,"[0.         0.         0.         0.         0.31397849 0.
 0.         0.        ]",goal4,goal4
goal4_sas_plan.14,0.7,31,0.07393002510070801,"[0.00373479 0.00131208 0.00660703 0.00287498 0.16620185 0.00739733
 0.01754845 0.00329891]",goal4,"[0.00373479 0.00131208 0.00660703 0.00287498 0.16620185 0.00739733
 0.01754845 0.00329891]",goal4,"[0.         0.         0.         0.         0.31397849 0.
 0.         0.        ]",goal4,goal4
goal4_sas_plan.15,0.7,31,0.09691739082336426,"[0.00373479 0.00131208 0.00660703 0.00287498 0.16620185 0.00739733
 0.01754845 0.00329891]",goal4,"[0.00373479 0.00131208 0.00660703 0.00287498 0.16620185 0.00739733
 0.01754845 0.00329891]",goal4,"[0.         0.         0.         0.         0.31397849 0.
 0.         0.        ]",goal4,goal4
goal4_sas_plan.16,0.7,31,0.08192324638366699,"[0.00373479 0.00131208 0.00660703 0.00287498 0.16620185 0.00739733
 0.01754845 0.00329891]",goal4,"[0.00373479 0.00131208 0.00660703 0.00287498 0.16620185 0.00739733
 0.01754845 0.00329891]",goal4,"[0.         0.         0.         0.         0.31397849 0.
 0.         0.        ]",goal4,goal4
goal4_sas_plan.2,0.7,34,0.07492804527282715,"[0.00412561 0.00144143 0.00687035 0.00249381 0.16814278 0.00370408
 0.01949155 0.003787  ]",goal4,"[0.00412561 0.00144143 0.00687035 0.00249381 0.16814278 0.00370408
 0.01949155 0.003787  ]",goal4,"[0.         0.         0.         0.         0.31397849 0.
 0.         0.        ]",goal4,goal4
goal4_sas_plan.3,0.7,34,0.0739281177520752,"[0.00412561 0.00144143 0.00687035 0.00249381 0.16814278 0.00370408
 0.01949155 0.003787  ]",goal4,"[0.00412561 0.00144143 0.00687035 0.00249381 0.16814278 0.00370408
 0.01949155 0.003787  ]",goal4,"[0.         0.         0.         0.         0.31397849 0.
 0.         0.        ]",goal4,goal4
goal4_sas_plan.4,0.7,42,0.10713958740234375,"[0.00409204 0.0014118  0.00667279 0.00227416 0.1285278  0.00707612
 0.02786463 0.00519104]",goal4,"[0.00409204 0.0014118  0.00667279 0.00227416 0.1285278  0.00707612
 0.02786463 0.00519104]",goal4,"[0.         0.         0.         0.         0.31397849 0.
 0.         0.        ]",goal4,goal4
goal4_sas_plan.5,0.7,33,0.07994389533996582,"[0.00413243 0.00166554 0.00915758 0.00332402 0.15681072 0.0056954
 0.01952382 0.00285056]",goal4,"[0.00413243 0.00166554 0.00915758 0.00332402 0.15681072 0.0056954
 0.01952382 0.00285056]",goal4,"[0.         0.         0.         0.         0.31397849 0.
 0.         0.        ]",goal4,goal4
goal4_sas_plan.6,0.7,33,0.07195138931274414,"[0.00413243 0.00166554 0.00915758 0.00332402 0.15681072 0.0056954
 0.01952382 0.00285056]",goal4,"[0.00413243 0.00166554 0.00915758 0.00332402 0.15681072 0.0056954
 0.01952382 0.00285056]",goal4,"[0.         0.         0.         0.         0.31397849 0.
 0.         0.        ]",goal4,goal4
goal4_sas_plan.7,0.7,33,0.09593796730041504,"[0.00413243 0.00166554 0.00915758 0.00332402 0.15681072 0.0056954
 0.01952382 0.00285056]",goal4,"[0.00413243 0.00166554 0.00915758 0.00332402 0.15681072 0.0056954
 0.01952382 0.00285056]",goal4,"[0.         0.         0.         0.         0.31397849 0.
 0.         0.        ]",goal4,goal4
goal4_sas_plan.8,0.7,33,0.07195115089416504,"[0.00413243 0.00166554 0.00915758 0.00332402 0.15681072 0.0056954
 0.01952382 0.00285056]",goal4,"[0.00413243 0.00166554 0.00915758 0.00332402 0.15681072 0.0056954
 0.01952382 0.00285056]",goal4,"[0.         0.         0.         0.         0.31397849 0.
 0.         0.        ]",goal4,goal4
goal4_sas_plan.9,0.7,33,0.06395649909973145,"[0.00413243 0.00166554 0.00915758 0.00332402 0.15681072 0.0056954
 0.01952382 0.00285056]",goal4,"[0.00413243 0.00166554 0.00915758 0.00332402 0.15681072 0.0056954
 0.01952382 0.00285056]",goal4,"[0.         0.         0.         0.         0.31397849 0.
 0.         0.        ]",goal4,goal4
goal5_sas_plan.0,0.7,33,0.07994508743286133,"[0.0032144  0.00096823 0.00773512 0.00212155 0.01317805 0.06399082
 0.02054468 0.00386217]",goal5,"[0.0032144  0.00096823 0.00773512 0.00212155 0.01317805 0.06399082
 0.02054468 0.00386217]",goal5,"[0.         0.         0.         0.         0.         0.12043011
 0.         0.        ]",goal5,goal5
goal5_sas_plan.1,0.7,33,0.07994580268859863,"[0.0032144  0.00096823 0.00773512 0.00212155 0.01317805 0.06399082
 0.02054468 0.00386217]",goal5,"[0.0032144  0.00096823 0.00773512 0.00212155 0.01317805 0.06399082
 0.02054468 0.00386217]",goal5,"[0.         0.         0.         0.         0.         0.12043011
 0.         0.        ]",goal5,goal5
goal5_sas_plan.2,0.7,33,0.07995057106018066,"[0.0032144  0.00096823 0.00773512 0.00212155 0.01317805 0.06399082
 0.02054468 0.00386217]",goal5,"[0.0032144  0.00096823 0.00773512 0.00212155 0.01317805 0.06399082
 0.02054468 0.00386217]",goal5,"[0.         0.         0.         0.         0.         0.12043011
 0.         0.        ]",goal5,goal5
goal5_sas_plan.3,0.7,33,0.07128119468688965,"[0.0032144  0.00096823 0.00773512 0.00212155 0.01317805 0.06399082
 0.02054468 0.00386217]",goal5,"[0.0032144  0.00096823 0.00773512 0.00212155 0.01317805 0.06399082
 0.02054468 0.00386217]",goal5,"[0.         0.         0.         0.         0.         0.12043011
 0.         0.        ]",goal5,goal5
goal5_sas_plan.4,0.7,33,0.09687113761901855,"[0.0032144  0.00096823 0.00773512 0.00212155 0.01317805 0.06399082
 0.02054468 0.00386217]",goal5,"[0.0032144  0.00096823 0.00773512 0.00212155 0.01317805 0.06399082
 0.02054468 0.00386217]",goal5,"[0.         0.         0.         0.         0.         0.12043011
 0.         0.        ]",goal5,goal5
goal5_sas_plan.5,0.7,33,0.07191205024719238,"[0.0032144  0.00096823 0.00773512 0.00212155 0.01317805 0.06399082
 0.02054468 0.00386217]",goal5,"[0.0032144  0.00096823 0.00773512 0.00212155 0.01317805 0.06399082
 0.02054468 0.00386217]",goal5,"[0.         0.         0.         0.         0.         0.12043011
 0.         0.        ]",goal5,goal5
goal5_sas_plan.6,0.7,33,0.07989835739135742,"[0.0032144  0.00096823 0.00773512 0.00212155 0.01317805 0.06399082
 0.02054468 0.00386217]",goal5,"[0.0032144  0.00096823 0.00773512 0.00212155 0.01317805 0.06399082
 0.02054468 0.00386217]",goal5,"[0.         0.         0.         0.         0.         0.12043011
 0.         0.        ]",goal5,goal5
goal6_sas_plan.0,0.7,29,0.07790303230285645,"[0.00373999 0.00132235 0.00261181 0.00273506 0.00512357 0.00416031
 0.07825179 0.00615197]",goal6,"[0.00373999 0.00132235 0.00261181 0.00273506 0.00512357 0.00416031
 0.07825179 0.00615197]",goal6,"[0.         0.         0.         0.         0.         0.
 0.12258065 0.        ]",goal6,goal6
goal6_sas_plan.1,0.7,25,0.1736152172088623,"[0.00158993 0.00069815 0.00442809 0.00101758 0.00051093 0.00058873
 0.09828324 0.0039671 ]",goal6,"[0.00158993 0.00069815 0.00442809 0.00101758 0.00051093 0.00058873
 0.09828324 0.0039671 ]",goal6,"[0.         0.         0.         0.         0.         0.
 0.12258065 0.        ]",goal6,goal6
goal6_sas_plan.2,0.7,25,0.06691670417785645,"[0.00158993 0.00069815 0.00442809 0.00101758 0.00051093 0.00058873
 0.09828324 0.0039671 ]",goal6,"[0.00158993 0.00069815 0.00442809 0.00101758 0.00051093 0.00058873
 0.09828324 0.0039671 ]",goal6,"[0.         0.         0.         0.         0.         0.
 0.12258065 0.        ]",goal6,goal6
goal6_sas_plan.3,0.7,25,0.04293322563171387,"[0.00158993 0.00069815 0.00442809 0.00101758 0.00051093 0.00058873
 0.09828324 0.0039671 ]",goal6,"[0.00158993 0.00069815 0.00442809 0.00101758 0.00051093 0.00058873
 0.09828324 0.0039671 ]",goal6,"[0.         0.         0.         0.         0.         0.
 0.12258065 0.        ]",goal6,goal6
goal6_sas_plan.4,0.7,25,0.08190798759460449,"[0.00158993 0.00069815 0.00442809 0.00101758 0.00051093 0.00058873
 0.09828324 0.0039671 ]",goal6,"[0.00158993 0.00069815 0.00442809 0.00101758 0.00051093 0.00058873
 0.09828324 0.0039671 ]",goal6,"[0.         0.         0.         0.         0.         0.
 0.12258065 0.        ]",goal6,goal6
goal6_sas_plan.5,0.7,25,0.058922767639160156,"[0.00158993 0.00069815 0.00442809 0.00101758 0.00051093 0.00058873
 0.09828324 0.0039671 ]",goal6,"[0.00158993 0.00069815 0.00442809 0.00101758 0.00051093 0.00058873
 0.09828324 0.0039671 ]",goal6,"[0.         0.         0.         0.         0.         0.
 0.12258065 0.        ]",goal6,goal6
goal6_sas_plan.6,0.7,25,0.06691718101501465,"[0.00158993 0.00069815 0.00442809 0.00101758 0.00051093 0.00058873
 0.09828324 0.0039671 ]",goal6,"[0.00158993 0.00069815 0.00442809 0.00101758 0.00051093 0.00058873
 0.09828324 0.0039671 ]",goal6,"[0.         0.         0.         0.         0.         0.
 0.12258065 0.        ]",goal6,goal6
goal6_sas_plan.7,0.7,25,0.04193520545959473,"[0.00158993 0.00069815 0.00442809 0.00101758 0.00051093 0.00058873
 0.09828324 0.0039671 ]",goal6,"[0.00158993 0.00069815 0.00442809 0.00101758 0.00051093 0.00058873
 0.09828324 0.0039671 ]",goal6,"[0.         0.         0.         0.         0.         0.
 0.12258065 0.        ]",goal6,goal6
goal7_sas_plan.0,0.7,24,0.08190751075744629,"[0.00157255 0.00057167 0.00405196 0.00115    0.00127086 0.00034928
 0.00891734 0.03064828]",goal7,"[0.00157255 0.00057167 0.00405196 0.00115    0.00127086 0.00034928
 0.00891734 0.03064828]",goal7,"[0.         0.         0.         0.         0.         0.
 0.         0.03655914]",goal7,goal7
goal7_sas_plan.1,0.7,24,0.0739128589630127,"[0.00157255 0.00057167 0.00405196 0.00115    0.00127086 0.00034928
 0.00891734 0.03064828]",goal7,"[0.00157255 0.00057167 0.00405196 0.00115    0.00127086 0.00034928
 0.00891734 0.03064828]",goal7,"[0.         0.         0.         0.         0.         0.
 0.         0.03655914]",goal7,goal7
goal0_sas_plan.0,1.0,24,0.05597424507141113,"[0.17849462 0.         0.         0.         0.         0.
 0.         0.        ]",goal0,"[0.17849462 0.         0.         0.         0.         0.
 0.         0.        ]",goal0,"[0.17849462 0.         0.         0.         0.         0.
 0.         0.        ]",goal0,goal0
goal0_sas_plan.1,1.0,24,0.05594992637634277,"[0.17849462 0.         0.         0.         0.         0.
 0.         0.        ]",goal0,"[0.17849462 0.         0.         0.         0.         0.
 0.         0.        ]",goal0,"[0.17849462 0.         0.         0.         0.         0.
 0.         0.        ]",goal0,goal0
goal0_sas_plan.2,1.0,24,0.06395745277404785,"[0.17849462 0.         0.         0.         0.         0.
 0.         0.        ]",goal0,"[0.17849462 0.         0.         0.         0.         0.
 0.         0.        ]",goal0,"[0.17849462 0.         0.         0.         0.         0.
 0.         0.        ]",goal0,goal0
goal0_sas_plan.3,1.0,24,0.07195425033569336,"[0.17849462 0.         0.         0.         0.         0.
 0.         0.        ]",goal0,"[0.17849462 0.         0.         0.         0.         0.
 0.         0.        ]",goal0,"[0.17849462 0.         0.         0.         0.         0.
 0.         0.        ]",goal0,goal0
goal0_sas_plan.4,1.0,24,0.04796719551086426,"[0.17849462 0.         0.         0.         0.         0.
 0.         0.        ]",goal0,"[0.17849462 0.         0.         0.         0.         0.
 0.         0.        ]",goal0,"[0.17849462 0.         0.         0.         0.         0.
 0.         0.        ]",goal0,goal0
goal0_sas_plan.5,1.0,24,0.039972543716430664,"[0.17849462 0.         0.         0.         0.         0.
 0.         0.        ]",goal0,"[0.17849462 0.         0.         0.         0.         0.
 0.         0.        ]",goal0,"[0.17849462 0.         0.         0.         0.         0.
 0.         0.        ]",goal0,goal0
goal0_sas_plan.6,1.0,24,0.08793997764587402,"[0.17849462 0.         0.         0.         0.         0.
 0.         0.        ]",goal0,"[0.17849462 0.         0.         0.         0.         0.
 0.         0.        ]",goal0,"[0.17849462 0.         0.         0.         0.         0.
 0.         0.        ]",goal0,goal0
goal0_sas_plan.7,1.0,24,0.04796624183654785,"[0.17849462 0.         0.         0.         0.         0.
 0.         0.        ]",goal0,"[0.17849462 0.         0.         0.         0.         0.
 0.         0.        ]",goal0,"[0.17849462 0.         0.         0.         0.         0.
 0.         0.        ]",goal0,goal0
goal0_sas_plan.8,1.0,24,0.04796791076660156,"[0.17849462 0.         0.         0.         0.         0.
 0.         0.        ]",goal0,"[0.17849462 0.         0.         0.         0.         0.
 0.         0.        ]",goal0,"[0.17849462 0.         0.         0.         0.         0.
 0.         0.        ]",goal0,goal0
goal0_sas_plan.9,1.0,24,0.05596184730529785,"[0.17849462 0.         0.         0.         0.         0.
 0.         0.        ]",goal0,"[0.17849462 0.         0.         0.         0.         0.
 0.         0.        ]",goal0,"[0.17849462 0.         0.         0.         0.         0.
 0.         0.        ]",goal0,goal0
goal1_sas_plan.0,1.0,35,0.09593605995178223,"[0.         0.05806452 0.         0.         0.         0.
 0.         0.        ]",goal1,"[0.         0.05806452 0.         0.         0.         0.
 0.         0.        ]",goal1,"[0.         0.05806452 0.         0.         0.         0.
 0.         0.        ]",goal1,goal1
goal1_sas_plan.1,1.0,35,0.06395745277404785,"[0.         0.05806452 0.         0.         0.         0.
 0.         0.        ]",goal1,"[0.         0.05806452 0.         0.         0.         0.
 0.         0.        ]",goal1,"[0.         0.05806452 0.         0.         0.         0.
 0.         0.        ]",goal1,goal1
goal1_sas_plan.2,1.0,35,0.07994627952575684,"[0.         0.05806452 0.         0.         0.         0.
 0.         0.        ]",goal1,"[0.         0.05806452 0.         0.         0.         0.
 0.         0.        ]",goal1,"[0.         0.05806452 0.         0.         0.         0.
 0.         0.        ]",goal1,goal1
goal1_sas_plan.3,1.0,35,0.10392999649047852,"[0.         0.05806452 0.         0.         0.         0.
 0.         0.        ]",goal1,"[0.         0.05806452 0.         0.         0.         0.
 0.         0.        ]",goal1,"[0.         0.05806452 0.         0.         0.         0.
 0.         0.        ]",goal1,goal1
goal2_sas_plan.0,1.0,41,0.07195043563842773,"[0.         0.         0.13548387 0.         0.         0.
 0.         0.        ]",goal2,"[0.         0.         0.13548387 0.         0.         0.
 0.         0.        ]",goal2,"[0.         0.         0.13548387 0.         0.         0.
 0.         0.        ]",goal2,goal2
goal2_sas_plan.1,1.0,41,0.09593439102172852,"[0.         0.         0.13548387 0.         0.         0.
 0.         0.        ]",goal2,"[0.         0.         0.13548387 0.         0.         0.
 0.         0.        ]",goal2,"[0.         0.         0.13548387 0.         0.         0.
 0.         0.        ]",goal2,goal2
goal2_sas_plan.2,1.0,41,0.09593534469604492,"[0.         0.         0.13548387 0.         0.         0.
 0.         0.        ]",goal2,"[0.         0.         0.13548387 0.         0.         0.
 0.         0.        ]",goal2,"[0.         0.         0.13548387 0.         0.         0.
 0.         0.        ]",goal2,goal2
goal2_sas_plan.3,1.0,41,0.08794045448303223,"[0.         0.         0.13548387 0.         0.         0.
 0.         0.        ]",goal2,"[0.         0.         0.13548387 0.         0.         0.
 0.         0.        ]",goal2,"[0.         0.         0.13548387 0.         0.         0.
 0.         0.        ]",goal2,goal2
goal2_sas_plan.4,1.0,41,0.1039283275604248,"[0.         0.         0.13548387 0.         0.         0.
 0.         0.        ]",goal2,"[0.         0.         0.13548387 0.         0.         0.
 0.         0.        ]",goal2,"[0.         0.         0.13548387 0.         0.         0.
 0.         0.        ]",goal2,goal2
goal2_sas_plan.5,1.0,41,0.09593486785888672,"[0.         0.         0.13548387 0.         0.         0.
 0.         0.        ]",goal2,"[0.         0.         0.13548387 0.         0.         0.
 0.         0.        ]",goal2,"[0.         0.         0.13548387 0.         0.         0.
 0.         0.        ]",goal2,goal2
goal2_sas_plan.6,1.0,41,0.09593510627746582,"[0.         0.         0.13548387 0.         0.         0.
 0.         0.        ]",goal2,"[0.         0.         0.13548387 0.         0.         0.
 0.         0.        ]",goal2,"[0.         0.         0.13548387 0.         0.         0.
 0.         0.        ]",goal2,goal2
goal3_sas_plan.0,1.0,27,0.04796862602233887,"[0.        0.        0.        0.0344086 0.        0.        0.
 0.       ]",goal3,"[0.        0.        0.        0.0344086 0.        0.        0.
 0.       ]",goal3,"[0.        0.        0.        0.0344086 0.        0.        0.
 0.       ]",goal3,goal3
goal3_sas_plan.1,1.0,27,0.07994580268859863,"[0.        0.        0.        0.0344086 0.        0.        0.
 0.       ]",goal3,"[0.        0.        0.        0.0344086 0.        0.        0.
 0.       ]",goal3,"[0.        0.        0.        0.0344086 0.        0.        0.
 0.       ]",goal3,goal3
goal3_sas_plan.2,1.0,27,0.055962562561035156,"[0.        0.        0.        0.0344086 0.        0.        0.
 0.       ]",goal3,"[0.        0.        0.        0.0344086 0.        0.        0.
 0.       ]",goal3,"[0.        0.        0.        0.0344086 0.        0.        0.
 0.       ]",goal3,goal3
goal4_sas_plan.0,1.0,48,0.11991763114929199,"[0.         0.         0.         0.         0.31397849 0.
 0.         0.        ]",goal4,"[0.         0.         0.         0.         0.31397849 0.
 0.         0.        ]",goal4,"[0.         0.         0.         0.         0.31397849 0.
 0.         0.        ]",goal4,goal4
goal4_sas_plan.1,1.0,48,0.11192584037780762,"[0.         0.         0.         0.         0.31397849 0.
 0.         0.        ]",goal4,"[0.         0.         0.         0.         0.31397849 0.
 0.         0.        ]",goal4,"[0.         0.         0.         0.         0.31397849 0.
 0.         0.        ]",goal4,goal4
goal4_sas_plan.10,1.0,44,0.09593415260314941,"[0.         0.         0.         0.         0.31397849 0.
 0.         0.        ]",goal4,"[0.         0.         0.         0.         0.31397849 0.
 0.         0.        ]",goal4,"[0.         0.         0.         0.         0.31397849 0.
 0.         0.        ]",goal4,goal4
goal4_sas_plan.11,1.0,44,0.09593534469604492,"[0.         0.         0.         0.         0.31397849 0.
 0.         0.        ]",goal4,"[0.         0.         0.         0.         0.31397849 0.
 0.         0.        ]",goal4,"[0.         0.         0.         0.         0.31397849 0.
 0.         0.        ]",goal4,goal4
goal4_sas_plan.12,1.0,44,0.20786070823669434,"[0.         0.         0.         0.         0.31397849 0.
 0.         0.        ]",goal4,"[0.         0.         0.         0.         0.31397849 0.
 0.         0.        ]",goal4,"[0.         0.         0.         0.         0.31397849 0.
 0.         0.        ]",goal4,goal4
goal4_sas_plan.13,1.0,44,0.10392880439758301,"[0.         0.         0.         0.         0.31397849 0.
 0.         0.        ]",goal4,"[0.         0.         0.         0.         0.31397849 0.
 0.         0.        ]",goal4,"[0.         0.         0.         0.         0.31397849 0.
 0.         0.        ]",goal4,goal4
goal4_sas_plan.14,1.0,44,0.11192464828491211,"[0.         0.         0.         0.         0.31397849 0.
 0.         0.        ]",goal4,"[0.         0.         0.         0.         0.31397849 0.
 0.         0.        ]",goal4,"[0.         0.         0.         0.         0.31397849 0.
 0.         0.        ]",goal4,goal4
goal4_sas_plan.15,1.0,44,0.07994508743286133,"[0.         0.         0.         0.         0.31397849 0.
 0.         0.        ]",goal4,"[0.         0.         0.         0.         0.31397849 0.
 0.         0.        ]",goal4,"[0.         0.         0.         0.         0.31397849 0.
 0.         0.        ]",goal4,goal4
goal4_sas_plan.16,1.0,44,0.1119241714477539,"[0.         0.         0.         0.         0.31397849 0.
 0.         0.        ]",goal4,"[0.         0.         0.         0.         0.31397849 0.
 0.         0.        ]",goal4,"[0.         0.         0.         0.         0.31397849 0.
 0.         0.        ]",goal4,goal4
goal4_sas_plan.2,1.0,48,0.1279141902923584,"[0.         0.         0.         0.         0.31397849 0.
 0.         0.        ]",goal4,"[0.         0.         0.         0.         0.31397849 0.
 0.         0.        ]",goal4,"[0.         0.         0.         0.         0.31397849 0.
 0.         0.        ]",goal4,goal4
goal4_sas_plan.3,1.0,48,0.1199193000793457,"[0.         0.         0.         0.         0.31397849 0.
 0.         0.        ]",goal4,"[0.         0.         0.         0.         0.31397849 0.
 0.         0.        ]",goal4,"[0.         0.         0.         0.         0.31397849 0.
 0.         0.        ]",goal4,goal4
goal4_sas_plan.4,1.0,59,0.1119236946105957,"[0.         0.         0.         0.         0.31397849 0.
 0.         0.        ]",goal4,"[0.         0.         0.         0.         0.31397849 0.
 0.         0.        ]",goal4,"[0.         0.         0.         0.         0.31397849 0.
 0.         0.        ]",goal4,goal4
goal4_sas_plan.5,1.0,47,0.08794140815734863,"[0.         0.         0.         0.         0.31397849 0.
 0.         0.        ]",goal4,"[0.         0.         0.         0.         0.31397849 0.
 0.         0.        ]",goal4,"[0.         0.         0.         0.         0.31397849 0.
 0.         0.        ]",goal4,goal4
goal4_sas_plan.6,1.0,47,0.1279125213623047,"[0.         0.         0.         0.         0.31397849 0.
 0.         0.        ]",goal4,"[0.         0.         0.         0.         0.31397849 0.
 0.         0.        ]",goal4,"[0.         0.         0.         0.         0.31397849 0.
 0.         0.        ]",goal4,goal4
goal4_sas_plan.7,1.0,47,0.08794260025024414,"[0.         0.         0.         0.         0.31397849 0.
 0.         0.        ]",goal4,"[0.         0.         0.         0.         0.31397849 0.
 0.         0.        ]",goal4,"[0.         0.         0.         0.         0.31397849 0.
 0.         0.        ]",goal4,goal4
goal4_sas_plan.8,1.0,47,0.11991691589355469,"[0.         0.         0.         0.         0.31397849 0.
 0.         0.        ]",goal4,"[0.         0.         0.         0.         0.31397849 0.
 0.         0.        ]",goal4,"[0.         0.         0.         0.         0.31397849 0.
 0.         0.        ]",goal4,goal4
goal4_sas_plan.9,1.0,47,0.10393023490905762,"[0.         0.         0.         0.         0.31397849 0.
 0.         0.        ]",goal4,"[0.         0.         0.         0.         0.31397849 0.
 0.         0.        ]",goal4,"[0.         0.         0.         0.         0.31397849 0.
 0.         0.        ]",goal4,goal4
goal5_sas_plan.0,1.0,46,0.10392880439758301,"[0.         0.         0.         0.         0.         0.12043011
 0.         0.        ]",goal5,"[0.         0.         0.         0.         0.         0.12043011
 0.         0.        ]",goal5,"[0.         0.         0.         0.         0.         0.12043011
 0.         0.        ]",goal5,goal5
goal5_sas_plan.1,1.0,46,0.11192488670349121,"[0.         0.         0.         0.         0.         0.12043011
 0.         0.        ]",goal5,"[0.         0.         0.         0.         0.         0.12043011
 0.         0.        ]",goal5,"[0.         0.         0.         0.         0.         0.12043011
 0.         0.        ]",goal5,goal5
goal5_sas_plan.2,1.0,46,0.11192560195922852,"[0.         0.         0.         0.         0.         0.12043011
 0.         0.        ]",goal5,"[0.         0.         0.         0.         0.         0.12043011
 0.         0.        ]",goal5,"[0.         0.         0.         0.         0.         0.12043011
 0.         0.        ]",goal5,goal5
goal5_sas_plan.3,1.0,46,0.08794021606445312,"[0.         0.         0.         0.         0.         0.12043011
 0.         0.        ]",goal5,"[0.         0.         0.         0.         0.         0.12043011
 0.         0.        ]",goal5,"[0.         0.         0.         0.         0.         0.12043011
 0.         0.        ]",goal5,goal5
goal5_sas_plan.4,1.0,46,0.11192560195922852,"[0.         0.         0.         0.         0.         0.12043011
 0.         0.        ]",goal5,"[0.         0.         0.         0.         0.         0.12043011
 0.         0.        ]",goal5,"[0.         0.         0.         0.         0.         0.12043011
 0.         0.        ]",goal5,goal5
goal5_sas_plan.5,1.0,46,0.10392999649047852,"[0.         0.         0.         0.         0.         0.12043011
 0.         0.        ]",goal5,"[0.         0.         0.         0.         0.         0.12043011
 0.         0.        ]",goal5,"[0.         0.         0.         0.         0.         0.12043011
 0.         0.        ]",goal5,goal5
goal5_sas_plan.6,1.0,46,0.11991763114929199,"[0.         0.         0.         0.         0.         0.12043011
 0.         0.        ]",goal5,"[0.         0.         0.         0.         0.         0.12043011
 0.         0.        ]",goal5,"[0.         0.         0.         0.         0.         0.12043011
 0.         0.        ]",goal5,goal5
goal6_sas_plan.0,1.0,41,0.1039278507232666,"[0.         0.         0.         0.         0.         0.
 0.12258065 0.        ]",goal6,"[0.         0.         0.         0.         0.         0.
 0.12258065 0.        ]",goal6,"[0.         0.         0.         0.         0.         0.
 0.12258065 0.        ]",goal6,goal6
goal6_sas_plan.1,1.0,35,0.07994651794433594,"[0.         0.         0.         0.         0.         0.
 0.12258065 0.        ]",goal6,"[0.         0.         0.         0.         0.         0.
 0.12258065 0.        ]",goal6,"[0.         0.         0.         0.         0.         0.
 0.12258065 0.        ]",goal6,goal6
goal6_sas_plan.2,1.0,35,0.08794021606445312,"[0.         0.         0.         0.         0.         0.
 0.12258065 0.        ]",goal6,"[0.         0.         0.         0.         0.         0.
 0.12258065 0.        ]",goal6,"[0.         0.         0.         0.         0.         0.
 0.12258065 0.        ]",goal6,goal6
goal6_sas_plan.3,1.0,35,0.07994604110717773,"[0.         0.         0.         0.         0.         0.
 0.12258065 0.        ]",goal6,"[0.         0.         0.         0.         0.         0.
 0.12258065 0.        ]",goal6,"[0.         0.         0.         0.         0.         0.
 0.12258065 0.        ]",goal6,goal6
goal6_sas_plan.4,1.0,35,0.07994627952575684,"[0.         0.         0.         0.         0.         0.
 0.12258065 0.        ]",goal6,"[0.         0.         0.         0.         0.         0.
 0.12258065 0.        ]",goal6,"[0.         0.         0.         0.         0.         0.
 0.12258065 0.        ]",goal6,goal6
goal6_sas_plan.5,1.0,35,0.07994556427001953,"[0.         0.         0.         0.         0.         0.
 0.12258065 0.        ]",goal6,"[0.         0.         0.         0.         0.         0.
 0.12258065 0.        ]",goal6,"[0.         0.         0.         0.         0.         0.
 0.12258065 0.        ]",goal6,goal6
goal6_sas_plan.6,1.0,35,0.07994580268859863,"[0.         0.         0.         0.         0.         0.
 0.12258065 0.        ]",goal6,"[0.         0.         0.         0.         0.         0.
 0.12258065 0.        ]",goal6,"[0.         0.         0.         0.         0.         0.
 0.12258065 0.        ]",goal6,goal6
goal6_sas_plan.7,1.0,35,0.07994604110717773,"[0.         0.         0.         0.         0.         0.
 0.12258065 0.        ]",goal6,"[0.         0.         0.         0.         0.         0.
 0.12258065 0.        ]",goal6,"[0.         0.         0.         0.         0.         0.
 0.12258065 0.        ]",goal6,goal6
goal7_sas_plan.0,1.0,33,0.07994699478149414,"[0.         0.         0.         0.         0.         0.
 0.         0.03655914]",goal7,"[0.         0.         0.         0.         0.         0.
 0.         0.03655914]",goal7,"[0.         0.         0.         0.         0.         0.
 0.         0.03655914]",goal7,goal7
goal7_sas_plan.1,1.0,33,0.08793878555297852,"[0.         0.         0.         0.         0.         0.
 0.         0.03655914]",goal7,"[0.         0.         0.         0.         0.         0.
 0.         0.03655914]",goal7,"[0.         0.         0.         0.         0.         0.
 0.         0.03655914]",goal7,goal7
